id,temp
1,25.6
2,30.1
3,24.7
4,29.439464547290115
5,34.560413519818255
6,26.133203925788912
7,26.36466214670681
8,24.664645755723022
9,36.87241382423464
10,26.046704259729953
11,25.325621151946592
12,25.431197599517436
13,34.20243314373914
14,35.88657707449858
15,36.27764189448529
16,37.312845020285174
17,30.84144708717704
18,26.103108966386607
19,27.650734729597033
20,24.580954817925445
21,29.531629242290176
22,25.67499106772064
23,31.899690492455345
24,25.68710276756288
25,24.421608730454647
26,39.284223716477726
27,26.658010903227847
28,36.135495136421554
29,25.532120188765344
30,38.441671983707124
31,21.653362867473746
32,36.575552962082824
33,28.380067796801594
34,28.462545400122796
35,26.73331671896053
36,24.912153971325807
37,28.73320509811653
38,24.805997151098353
39,28.168533611338248
40,23.703551849324732
41,24.73514856382019
42,34.75143562444868
43,29.04501493031475
44,25.298343516599587
45,25.43576078141166
46,38.204248628259066
47,25.131356202291258
48,26.045015383008632
49,24.90855731631921
50,25.297857015183894
51,24.53057848369442
52,27.571610889807737
53,28.744921099435263
54,25.986384624575017
55,25.70585526469273
56,25.836471544338693
57,33.318076119426316
58,37.09675423433232
59,26.65428442395625
60,29.16085979833557
61,27.339765878935143
62,25.43209087276112
63,28.90000156233732
64,30.716098981825873
65,27.183916453022253
66,36.251953428086374
67,23.977145653503456
68,32.56551678433627
69,27.94852382683476
70,34.23839941180137
71,31.863919342182765
72,36.08546584191131
73,24.6849280216381
74,26.017379329859683
75,36.03796628833404
76,31.753727557588512
77,39.20500163350461
78,25.23228803835719
79,37.136982109450784
80,29.248504513344606
81,24.730444535706702
82,26.614132728460085
83,25.149745702799663
84,25.37543178485186
85,25.84464658783025
86,27.85017942750061
87,35.90289062418149
88,25.53917234772144
89,24.650795643770362
90,25.81021710152597
91,38.01192576343204
92,27.553361571420478
93,25.121466372120146
94,36.60337748940158
95,25.104121617000036
96,29.157936275601447
97,38.01885383440018
98,27.265435443184163
99,34.569746499229765
100,24.990976875244662
101,38.270344467095086
102,25.717180024643426
103,33.22420491656746
104,26.434012197436775
105,25.802857910136506
106,25.67786958313041
107,34.672444307185756
108,31.941444258844076
109,25.936015072517343
110,27.191011584801277
111,25.101241812648134
112,27.082539808596746
113,26.91805155720756
114,24.978034746477427
115,27.08204049042584
116,37.505785418161196
117,27.09989220404896
118,24.284605036684855
119,29.866404925839067
120,25.39067401453061
121,29.464898360114656
122,38.18288748002705
123,35.89619172055862
124,37.675080406751555
125,25.699721934091244
126,30.724838021199233
127,27.434453754574914
128,33.73974637240657
129,30.15990053920147
130,36.30924478230631
131,24.547181998826982
132,32.60251798671995
133,29.00181849580386
134,25.43576078141166
135,28.838364274619273
136,35.20864484072074
137,26.465174180639906
138,34.185261384933284
139,24.36693768864848
140,23.803244983197978
141,34.53361001996927
142,30.25599791613879
143,25.880025329737407
144,37.13880427100885
145,29.888798880190045
146,25.314765131802503
147,38.47224093644614
148,33.35542228948231
149,26.69298681890842
150,24.69907658440623
151,25.90946427909411
152,24.605479202681547
153,24.505703136335796
154,28.155116528672313
155,28.261079599918155
156,26.380345145440394
157,37.177609002190835
158,25.02587850951476
159,33.936045693975466
160,25.93516544599438
161,27.4262841900491
162,37.4605314082182
163,29.243284205920013
164,25.899294412829402
165,37.93982688167402
166,25.147164854838085
167,26.885337344288192
168,25.275840356534363
169,25.233358834370385
170,25.070287910810087
171,23.900677592678218
172,37.08246928741116
173,29.19013692421152
174,28.33810827430316
175,24.524358444237397
176,35.34420383108878
177,24.589229167652867
178,35.08309519924751
179,24.985952822789486
180,25.743648205644384
181,25.744074787924447
182,25.241607718900575
183,26.525539194327184
184,35.19465688559604
185,35.62287131995363
186,29.09517706410654
187,34.560465534314076
188,27.645876017347504
189,39.36854958753796
190,26.16335543167804
191,25.03880748979632
192,25.430619333358006
193,25.554283147945743
194,34.62921790464303
195,36.72861698896784
196,34.44221594206617
197,26.382089531205494
198,30.749956342138347
199,26.675434754711446
200,37.31579853910695
201,39.26203001447598
202,37.48522006285202
203,36.66276775449
204,38.01659405186131
205,27.088828377363185
206,37.01230275920342
207,27.41828964359077
208,29.30248627442804
209,27.15162649568872
210,37.44099075289043
211,38.64165719989744
212,27.500470574427077
213,26.248047461675984
214,32.804859949986394
215,38.312390362859496
216,26.738018166249372
217,25.3399387802523
218,38.42296524419934
219,25.950606483415154
220,28.264059201064022
221,24.903150993355112
222,36.97921716247625
223,34.99687340406709
224,25.357364108403107
225,28.170627502185155
226,25.809240211714606
227,24.730444535706702
228,39.2380600491238
229,26.707344088389164
230,24.501000959652192
231,26.17329553787144
232,28.660868329171205
233,24.31735074864317
234,27.19411386955663
235,25.301616275326182
236,37.28505022284785
237,25.140539972101653
238,37.562471882496
239,33.80260454764702
240,33.5249071432277
241,23.792648094646026
242,24.536544877062006
243,25.762903035293714
244,34.34322765351746
245,36.166297258029054
246,26.140183041678164
247,24.56924130367789
248,26.63073808875876
249,29.201816865893505
250,36.956784683316464
251,28.054650331017736
252,37.31104279601132
253,38.12404169491033
254,30.278515766308573
255,27.277856461218942
256,36.8669700579179
257,34.72560984654598
258,36.66929199031562
259,27.69387049280223
260,29.12517720993111
261,35.583466270411925
262,25.815100182739947
263,29.479820187536628
264,29.299164488682724
265,37.968774669221716
266,35.38529599133641
267,25.976485501261937
268,30.632685262282383
269,34.15086371107366
270,21.213565785701242
271,24.870458784064684
272,26.51076045440669
273,35.51313023608626
274,36.24790875352594
275,33.80415607670436
276,24.7834759163368
277,25.52853614300479
278,25.607121213821177
279,27.32083963089818
280,25.683698057334396
281,24.55510758879791
282,24.74450423478755
283,30.13904283586783
284,24.965171647883285
285,26.011565075098538
286,33.55485246523821
287,26.881523074018254
288,36.887917817928916
289,27.021684496532078
290,26.371348601389343
291,30.36410917782766
292,25.736422300771515
293,25.223047027348372
294,25.87706295977891
295,37.38846307017823
296,28.440615027024528
297,30.798029698882793
298,25.171169940753614
299,28.674168941075557
300,27.09845813589064
301,21.56143976129075
302,30.335763095058294
303,37.28490119274659
304,29.642752437971836
305,36.39253129761762
306,38.96065011582188
307,27.384292207707574
308,24.59557048577397
309,36.526961334409634
310,35.87847709819329
311,37.147675508523704
312,32.67792455456109
313,27.494236637755556
314,36.919893263546555
315,25.702221981124538
316,29.845561854350052
317,26.44135140296865
318,25.332770332234766
319,25.737679936395786
320,36.14238746976246
321,26.277945804470914
322,20.219232027903626
323,26.894214975946156
324,31.45812822650049
325,21.9204858752481
326,28.126677990560683
327,25.77492514655932
328,29.17646954571761
329,26.74845856576896
330,25.632277745870514
331,25.3698011182073
332,37.472479449854106
333,26.07177065061867
334,35.47744999537402
335,24.88128584422632
336,34.35334095210578
337,25.475719721496247
338,36.72054095283501
339,32.490751541612084
340,25.668579422901555
341,37.51553199150944
342,26.331592178890844
343,28.961050765724945
344,37.87516522026064
345,25.41301370099853
346,25.441230937024727
347,27.027158702344167
348,25.453497957684732
349,24.703161933487713
350,33.410520656424985
351,29.71551921741421
352,35.6237778685181
353,26.21989820778676
354,30.970752446251087
355,30.984614458824872
356,25.058721694945554
357,28.873923953916098
358,25.16400576914935
359,37.873814763211925
360,37.86312127493296
361,37.1695435202266
362,25.90946427909411
363,35.207479473987874
364,29.295524364533975
365,24.53057848369442
366,35.51061601477515
367,25.573663413695076
368,26.658799422732322
369,28.73600244345898
370,25.680339729534847
371,33.65335082529699
372,35.70743205293155
373,37.22180797837616
374,23.616052753619044
375,32.9420133172942
376,27.061736398200573
377,38.990781872485826
378,28.289728408625404
379,31.323273374466346
380,28.75047888620346
381,26.580649674699934
382,26.691551530729335
383,30.721943301644327
384,25.771897256909472
385,35.09471420599168
386,31.619808678935534
387,35.45333303928697
388,34.07159013606119
389,26.189473260629445
390,25.051178891097717
391,38.33384679643248
392,26.542737064821296
393,37.5106031398695
394,29.30252135784743
395,35.33451089606563
396,38.24731693240207
397,25.775881447102037
398,24.6422167615466
399,37.26341185402795
400,25.41301370099853
401,25.392104983700307
402,26.89309908050182
403,27.43059587066481
404,25.68468359438794
405,32.744989764556124
406,24.93306055735819
407,34.74394065841759
408,36.323509733231326
409,35.42274143654818
410,25.505685996065473
411,29.210696483175848
412,28.52460414894446
413,36.475853672107164
414,40.45038099814758
415,25.827357486661658
416,26.828212185976554
417,37.22270532119838
418,32.02805910990198
419,26.26541149673834
420,25.43688219023852
421,25.319067412765875
422,32.33433349062915
423,32.75118355920416
424,35.555100939377496
425,32.18695374982463
426,37.70804905577866
427,27.035592239271068
428,28.3453362897836
429,31.55589292237391
430,34.46619163884389
431,27.595225983721054
432,26.241505503968714
433,27.13891703134159
434,25.492020897521865
435,25.45067353157809
436,28.733919354754505
437,23.973692657588366
438,28.54314612144639
439,30.386913055666152
440,27.797216693025366
441,31.819831006557216
442,36.86325580083402
443,27.145485969320372
444,27.780442063653204
445,25.108266603944397
446,29.312584284525038
447,29.64938375468454
448,33.89034977027497
449,31.009677099975228
450,28.68955981715871
451,32.19092725602725
452,25.51907427600019
453,26.060881838317417
454,25.891811992153876
455,28.31406669790422
456,26.54946289837143
457,37.44529688392029
458,27.63044729114055
459,27.811689505333526
460,27.464741061239845
461,33.672732063980675
462,26.268668108082164
463,27.963717120732596
464,30.483613317569084
465,28.430893124718466
466,36.44968783305642
467,28.094960450896917
468,28.521879159916974
469,33.922823996150804
470,34.41943447674466
471,26.229551752163033
472,24.54559645377931
473,26.744755011119672
474,31.519719875674333
475,29.593402176365757
476,28.571589693344805
477,33.398419203574704
478,26.23870415555863
479,27.26536214921859
480,30.53809243561217
481,29.291243056611638
482,25.517827607002264
483,35.931946447836864
484,31.290057786929168
485,28.224524427556684
486,35.65333465965933
487,27.123115865633245
488,27.206279688541688
489,29.447766411834152
490,29.828210531629708
491,27.172096108058415
492,24.277647390251552
493,29.8212769127731
494,25.305832834104955
495,28.214159483691418
496,35.36083632484525
497,26.166564064125364
498,26.90345039566079
499,33.36740030233752
500,35.005946620664204
501,27.289871767401436
502,30.589461963349112
503,31.10080032464686
504,28.690593567459775
505,29.944161020005915
506,30.12026982192699
507,27.71146575143277
508,32.026869267031415
509,27.214715474621034
510,34.48230573464383
511,33.2040744161385
512,36.11042959087733
513,24.752452395669746
514,25.285498784620682
515,29.44296036370459
516,32.765406097131205
517,36.33802039887218
518,35.976248726930066
519,35.63612408631098
520,36.1982371292639
521,27.652350757833407
522,25.695580169328693
523,34.41321607823552
524,36.34276719200905
525,25.324702970836
526,26.57092925961638
527,28.30476134432404
528,32.71783205779371
529,26.794070993831507
530,27.54407834242704
531,33.211064132515205
532,33.23490853215738
533,26.64532873412785
534,27.383078842165798
535,30.09155004151183
536,24.59089241919996
537,32.05924996050195
538,31.193125820880528
539,25.87286259896758
540,31.008788781856044
541,32.068767584225775
542,37.75214223441441
543,31.96652016945363
544,27.926139998820556
545,25.56145817255921
546,27.280706346930373
547,27.682924477993375
548,27.454873426362216
549,28.001958044311095
550,26.773135604992518
551,36.10558352118938
552,32.0703672400594
553,31.642658421823587
554,32.77511031375021
555,34.924675598452474
556,27.747732418579485
557,30.51195662032923
558,28.30955997530588
559,25.370621579788047
560,32.77957915101321
561,30.400658582554442
562,25.370295734091805
563,32.92552735686012
564,28.360309011793134
565,35.237366018261966
566,32.796233577628314
567,35.86085452776922
568,26.714356207164975
569,28.63919790669781
570,26.279750060137584
571,32.31678726296501
572,26.023816727725197
573,36.145653200242336
574,27.05059954478895
575,28.216361204400936
576,34.35558258020458
577,26.82098126889974
578,31.16712744975764
579,35.67373943750348
580,28.509156173911737
581,33.06432105505902
582,26.87010283387464
583,28.762399071681994
584,28.247787326911286
585,24.99959026728241
586,28.942525904496986
587,32.39914911856094
588,25.187428075620666
589,27.06349070397014
590,32.79766362176011
591,29.81657210410104
592,25.545001109558495
593,33.632338206507896
594,25.23736467107621
595,29.727477742882346
596,36.740428641327924
597,24.181813740074563
598,32.00442323390644
599,29.43114358461111
600,26.09912077081299
601,28.101395799775876
602,31.39024753648792
603,26.337300055016616
604,33.45025120238583
605,25.716606000831728
606,31.5791203100105
607,26.01442075505237
608,32.11545351895898
609,28.317382419272086
610,26.61972270918687
611,30.948933861101413
612,29.944001822431055
613,37.6229007312541
614,26.720015387149182
615,29.27377805422115
616,27.927609679280827
617,32.18564043088429
618,27.635638899616183
619,27.590413512223076
620,26.001961998774103
621,28.499271043455757
622,27.027945491798818
623,26.77030316959497
624,29.35170871839867
625,27.310336934353366
626,27.171602626112552
627,28.368626143106784
628,29.924513172615672
629,28.816269879917556
630,28.971735024251053
631,34.00932474213577
632,31.749423426371745
633,27.548126291333162
634,30.68428397360181
635,29.564555991417823
636,27.696746823553227
637,26.464757751997283
638,31.31168563820493
639,29.3304669079609
640,29.741321508548555
641,23.951662495976194
642,33.51267467291067
643,30.659095108248344
644,26.48857488559966
645,35.86862893409245
646,34.54671598311182
647,25.285939626241593
648,28.645092915318138
649,27.19004269962189
650,27.440954215188185
651,31.641043990902272
652,26.071035947235053
653,28.989274808691892
654,28.97382344881657
655,26.789026598085382
656,27.50761701486921
657,26.940455941056598
658,26.165866069368263
659,25.182477355505416
660,31.738536520976048
661,34.99990501246617
662,34.414059144408164
663,33.589651894496974
664,35.95302131911964
665,30.139907362109398
666,26.89667222658998
667,28.713346617474016
668,33.96521185103673
669,34.08702894104886
670,26.70295297245107
671,29.75290636684275
672,32.7522365760893
673,36.962168204120076
674,30.22715801175503
675,30.2664501466662
676,36.704386760476034
677,28.37965801400083
678,23.228925795464015
679,27.583122691388034
680,25.74434861706291
681,29.625638234349335
682,26.79499706408416
683,37.871342146528626
684,36.894970989527636
685,28.216293279908434
686,28.326227041612118
687,26.71275983149158
688,26.079651581265136
689,25.89872192057933
690,31.883540786801
691,26.18509501551785
692,27.124220739419812
693,26.679963302097445
694,29.023271895724807
695,34.09964825820174
696,35.04186498789727
697,31.036479394595954
698,35.72159007548703
699,28.82054067339407
700,33.74410239259733
701,29.58078659150778
702,27.340580053366747
703,28.022530052438846
704,35.77901503964631
705,28.268023909238977
706,26.512274372944546
707,25.366801327212546
708,26.965901272540357
709,26.102881794975044
710,29.053290603469915
711,33.285575230596805
712,27.356685862106392
713,29.51082774783969
714,27.640771884800735
715,26.670480793177997
716,35.11024167142266
717,27.522385529132876
718,27.268428222935334
719,29.219351479190568
720,28.385479814866265
721,31.190534064315568
722,35.55706278672056
723,32.76783490417266
724,28.577837933620447
725,26.380692445543744
726,27.37835934852977
727,25.958225587502035
728,26.683775946116135
729,37.439138854250324
730,25.326614819087055
731,24.994284540315398
732,27.21122273280123
733,28.064493537379015
734,29.02926532115442
735,27.203831329018435
736,28.347869767877377
737,32.67089373415067
738,27.165522267092438
739,30.739407288153643
740,28.193363320081694
741,30.647308885947982
742,30.136854672577023
743,30.108726875170852
744,26.49580129485111
745,30.750310244473397
746,28.219500616978852
747,32.02773549611629
748,35.949294879164334
749,35.86679713623216
750,30.840415304916004
751,30.406506181214358
752,37.36229274990545
753,27.615574082930888
754,34.88169008167664
755,28.645092915318138
756,28.642933096774406
757,31.44186077084825
758,24.645366892841025
759,26.137538740623388
760,26.426219360443977
761,30.805117120187198
762,27.492081504121312
763,28.20045283260109
764,34.04465160541252
765,28.53595944774442
766,25.456411399395368
767,27.71763542072583
768,24.888722568939897
769,27.774526841357627
770,25.076081667197883
771,28.652786492952703
772,29.8358999526375
773,27.918538792473328
774,25.82682944828771
775,26.659670127697417
776,35.61203807389646
777,28.15551511139441
778,31.9861989695882
779,29.09272657555774
780,26.47635157957624
781,30.748433854155007
782,27.31388947957518
783,32.93505944654355
784,27.07788167446726
785,30.278192713790162
786,30.896036327612926
787,25.590926454530685
788,33.68109372381999
789,27.32431330828635
790,27.594971560474704
791,31.330444292475462
792,32.53344630630754
793,24.325102549420315
794,33.26271438445774
795,26.111300524441802
796,25.835488467354363
797,27.895735604629007
798,30.090814372299572
799,27.882731503794357
800,32.79985857368696
801,29.409317523888625
802,35.2792987722195
803,29.34156904636481
804,29.27195767671338
805,28.978924315321233
806,35.18875381953424
807,26.486646004861594
808,27.599682158196295
809,31.40226551139154
810,30.832358473989682
811,29.870942148266344
812,34.85424607631706
813,31.11627211997232
814,35.57232262560983
815,30.5419776650151
816,30.00832529200117
817,29.55232938575072
818,26.415416481279717
819,35.47551829519823
820,30.036304083830977
821,33.25627267650369
822,28.0038805447176
823,32.106077470133805
824,26.54611293249262
825,34.26982849261565
826,27.518238930003218
827,25.49506711696212
828,33.57372259536264
829,30.56195351150601
830,28.888044621013904
831,28.345479935728388
832,37.79876703708086
833,33.53566292888979
834,26.91050502493021
835,35.89574179526784
836,34.322203745429285
837,27.123694693972386
838,25.199091064154363
839,29.85559244598636
840,26.249009116013212
841,31.87407506564453
842,25.104027736561484
843,36.87812331693222
844,29.796115886529464
845,33.98975227840557
846,25.080437491606357
847,27.523514065427175
848,26.2682086838276
849,25.764070459494707
850,28.989810784635285
851,36.76028679147998
852,29.79515109406145
853,26.22364510368323
854,24.722340310515712
855,26.698667625240518
856,29.698455103461203
857,30.80388552277058
858,24.536647792975486
859,24.409778373077984
860,26.242536629803244
861,24.941221853600545
862,24.0545848727647
863,35.36853030860253
864,24.49936745008936
865,25.774935010792255
866,24.466377334799667
867,25.058326859246655
868,27.612014560981752
869,26.646795392370123
870,30.416477319678133
871,36.90011148383257
872,30.234993781860332
873,27.42848931058136
874,23.658989270588886
875,24.239299027624618
876,29.595595457206056
877,28.84329031704667
878,32.086305701467865
879,28.389724929172605
880,31.348416691741917
881,24.540660062779143
882,27.768943501747717
883,32.96217110407518
884,27.57202172147094
885,33.05799165764214
886,33.236990684600876
887,30.114246799827757
888,25.76565550301479
889,24.966969087422576
890,25.980767481634924
891,25.8850891027277
892,24.20807288611448
893,26.071635365152886
894,33.22713479151235
895,23.627949612475163
896,32.77246552451989
897,34.43582576592745
898,23.363372245897637
899,24.901823212672404
900,36.76990565843274
901,25.034276002836435
902,38.01841831976611
903,36.551884504550856
904,23.80638195397429
905,26.085745107806662
906,27.51108939335444
907,26.767719720719995
908,28.625607074258625
909,24.020462259572156
910,24.991706036524814
911,25.11254841776865
912,34.57768562648553
913,29.331603259724883
914,26.395125798850056
915,24.894763840955843
916,23.952034646197404
917,26.239628798745667
918,28.465951442623517
919,28.485069080375187
920,30.81002406853815
921,24.6517360792323
922,25.728639746654295
923,34.178646270278016
924,24.319190699275147
925,28.590406972656336
926,38.06361291169201
927,27.30814414624499
928,29.394793863340766
929,34.58470544873376
930,25.127472975213585
931,26.076982845467892
932,24.143008877613084
933,25.43913239851018
934,25.010567574116962
935,31.549098339178908
936,37.08101663497014
937,24.439632324201877
938,33.42574201147493
939,27.274501829063638
940,26.406797672686178
941,27.996948191980408
942,26.63080744442997
943,24.928141928619397
944,25.566008290891236
945,24.72025026396292
946,32.1143387223966
947,28.16788623766382
948,35.17550680829291
949,25.387596722169125
950,36.78634062389701
951,30.977053318059472
952,25.689443914973417
953,25.96644647379661
954,24.13277901570748
955,25.902596969413775
956,29.355560653187617
957,34.81605006116879
958,34.51199708791183
959,24.49324658791799
960,27.113865890581504
961,39.95528811013342
962,25.44764190688202
963,25.572055931101698
964,32.26846989017875
965,29.82820471096143
966,26.1063479477017
967,31.03503440114453
968,24.031006305711443
969,24.973144720325212
970,38.234045427363824
971,33.153949639703534
972,25.37513673244716
973,24.85977829748486
974,24.240185750815275
975,26.08965547348591
976,27.311141133521797
977,30.27533971359995
978,32.67860963880344
979,32.428212177178345
980,25.5294394831616
981,27.950090683187117
982,23.83004726327764
983,33.78736084854509
984,24.972884745198254
985,24.490483552076867
986,24.76929985204217
987,26.031356236950526
988,27.581842648760507
989,33.903587009737684
990,28.061782615871735
991,34.24476214603135
992,25.614035851791982
993,37.81136732955571
994,27.78206547497996
995,25.034883863887924
996,27.125278799494914
997,33.97871035534459
998,26.811268006966127
999,36.10641490822236
1000,24.557177972766944
1001,36.15187786542498
1002,28.708643188435
1003,25.710461596618302
1004,38.838037042552
1005,25.680371721544454
1006,24.971037255544235
1007,31.39255580247892
1008,24.991925351323633
1009,33.10991727190442
1010,26.533565711364417
1011,25.738155777706424
1012,25.603377686366333
1013,23.988855856126982
1014,33.91764766941615
1015,24.476689139915713
1016,27.24778960747203
1017,23.648482503495394
1018,30.803307388601116
1019,24.73529571601094
1020,25.21933707778331
1021,26.95935449386091
1022,30.274910770384132
1023,35.77621286433751
1024,25.04539739388275
1025,27.910040634808606
1026,25.16953226745592
1027,36.894082484977346
1028,35.18563653402039
1029,32.09818370089483
1030,26.84220131584322
1031,26.5735075057025
1032,37.04709782357041
1033,23.692142311334614
1034,24.95344540876376
1035,33.203870624105775
1036,25.56064978445269
1037,27.451359830091665
1038,24.5565326302053
1039,35.023600317349306
1040,29.35084466973652
1041,24.5506202381225
1042,24.69459625163029
1043,32.57541772361173
1044,27.30811426501286
1045,26.7788633846365
1046,36.76644176049844
1047,31.740507999025187
1048,36.616459903927364
1049,28.899957915256877
1050,25.186184923502623
1051,25.546560462722226
1052,35.65625268806208
1053,25.620231125614637
1054,35.96753258032985
1055,26.168708941108488
1056,30.45323888401934
1057,25.92196086330696
1058,26.42132075263075
1059,38.25783352829502
1060,37.65497357325877
1061,27.190217387350536
1062,24.15221389468283
1063,28.205134751536683
1064,24.915864999859462
1065,24.314441702235225
1066,25.915210584237883
1067,31.03356538297873
1068,24.52836051618379
1069,25.71349153870691
1070,24.551341098127804
1071,25.221941570051946
1072,27.068700395036046
1073,29.747683439333873
1074,24.515773067716985
1075,36.156310524135286
1076,26.94858811388011
1077,25.1255170602122
1078,25.499221237070373
1079,32.9243932352296
1080,23.840443797205626
1081,27.711408731895517
1082,27.819704268177865
1083,24.731655048213707
1084,24.755494107573067
1085,25.856266953130167
1086,26.74063812814287
1087,25.122486733399512
1088,24.840716297650445
1089,26.532450011804716
1090,30.4359218904059
1091,24.486892293041624
1092,25.1169862611882
1093,27.898302909951354
1094,24.458272528129218
1095,24.915950264163627
1096,32.89065887908494
1097,31.922509888694552
1098,36.95068186342979
1099,27.722881309282347
1100,26.378063856482036
1101,34.565446691286624
1102,26.106498780995196
1103,33.1791439409135
1104,27.815120851477317
1105,26.01644258654394
1106,27.816212130312493
1107,26.85815548217263
1108,31.301798379467506
1109,32.41383848701906
1110,26.92262361523171
1111,24.634405833305692
1112,24.908531905645955
1113,27.273742484468556
1114,29.352124867033897
1115,26.06555933196105
1116,38.177981380334714
1117,32.39897952151895
1118,28.891283590167678
1119,26.067524424588623
1120,30.546342903455777
1121,27.107802945151214
1122,25.53049482859472
1123,24.562135200531657
1124,29.112479947095277
1125,27.634160601152885
1126,23.747496422813455
1127,33.56840442902032
1128,26.469806117440886
1129,26.079397669330007
1130,33.33909415207741
1131,32.00860765904464
1132,32.53683210851393
1133,34.31072722608943
1134,25.006381328512184
1135,26.452775432352368
1136,29.60999401543632
1137,24.539178488154526
1138,25.419428253038895
1139,36.23523819304519
1140,27.621581615496424
1141,27.879261633690618
1142,34.812572142361546
1143,24.548217967175884
1144,23.26112393810194
1145,26.627093437959324
1146,35.84338942533647
1147,24.92809276388512
1148,29.79856365963764
1149,25.35743853453476
1150,24.749287076175484
1151,32.13621026067388
1152,32.04607882615479
1153,24.92239004480105
1154,25.15480280013288
1155,34.69648053076976
1156,29.296978180685006
1157,28.86850943052628
1158,33.10942797655618
1159,32.81098013491255
1160,29.712363476227075
1161,25.79148710520433
1162,27.935993245000013
1163,28.383146926391824
1164,31.81605627656739
1165,29.483119380390868
1166,36.742144933326884
1167,37.312199196607004
1168,26.755458231309454
1169,30.341827609844046
1170,28.482042151295186
1171,25.774472345528718
1172,24.72703040896781
1173,25.32963000486777
1174,27.61325258513863
1175,24.53091513426449
1176,25.650915210532318
1177,28.371674921478665
1178,26.858489311988524
1179,25.301605050061866
1180,25.501498971908358
1181,26.956345945584857
1182,26.38126286979411
1183,25.022550055262776
1184,26.147055514135502
1185,24.319725770859414
1186,25.43993923450089
1187,24.727882397090845
1188,29.012925848802105
1189,27.52120842709221
1190,25.59173666652464
1191,34.07290504192399
1192,33.56374812052183
1193,24.784819909068876
1194,33.6715826470276
1195,25.731638866816034
1196,25.57114986608202
1197,26.43992606604062
1198,30.155770717807858
1199,39.658555094789556
1200,28.605753783635425
1201,25.0874023901201
1202,25.56997085547023
1203,25.71226154397892
1204,27.748961182900263
1205,25.93076512051395
1206,33.49628940873872
1207,37.92905281662722
1208,32.088460473111844
1209,35.10352502127393
1210,36.85772479180955
1211,28.631662375332954
1212,25.696785180748275
1213,31.501159610947493
1214,24.984484906612945
1215,28.27336492774058
1216,38.564422103323764
1217,26.603147999054563
1218,25.32087112144756
1219,30.66133280392702
1220,24.31590561561825
1221,28.166728832659263
1222,32.18656084152215
1223,24.464544512472393
1224,29.43873413861769
1225,27.613973698907852
1226,25.98872390208716
1227,25.13902943252092
1228,28.277782434054313
1229,27.586773888334225
1230,26.11759641229486
1231,32.106555368853826
1232,31.990331998006553
1233,30.499201620725234
1234,25.131641757317702
1235,33.65745641396384
1236,25.78736638318722
1237,30.87413325284283
1238,28.070185631264287
1239,24.825423976174125
1240,24.925037276527306
1241,36.67326225786122
1242,30.383717599420276
1243,24.357784704295593
1244,30.128132713387387
1245,35.262360544434635
1246,30.890444329997838
1247,24.76288265402328
1248,24.868397272194585
1249,25.48864143771475
1250,27.039814580388125
1251,25.755531179859474
1252,32.484952291425216
1253,25.037074094778998
1254,24.92258735185038
1255,25.188552611158073
1256,24.708103760708312
1257,23.62858264584159
1258,25.566959263038513
1259,26.930936481050047
1260,26.47618135976186
1261,28.23736567409563
1262,28.235292945606112
1263,25.941072227487766
1264,28.67161991088696
1265,34.61137331748743
1266,36.06552728747711
1267,25.41674997243748
1268,35.47148359932611
1269,24.42870750789325
1270,32.240301868270876
1271,24.30073457935109
1272,34.36186211879044
1273,25.50540325680023
1274,26.23761724772358
1275,24.708823947190275
1276,25.290812064241425
1277,25.913781635471594
1278,25.358740998370013
1279,24.07829855924829
1280,30.07935081084487
1281,35.56808925734702
1282,26.648201525259378
1283,25.17678343290836
1284,26.93695069827667
1285,25.668387193003966
1286,26.407412946076334
1287,26.635265419518134
1288,25.85001436459853
1289,26.036980186184163
1290,27.283927214185216
1291,27.43025492400504
1292,25.512483029156613
1293,25.723467615689607
1294,25.194356175806494
1295,26.30876515101857
1296,25.99665241944492
1297,26.182648611471073
1298,33.46409959572874
1299,26.932225999314923
1300,26.33053047137311
1301,27.458851341427707
1302,25.171500078986803
1303,26.872938553660067
1304,28.628481195556343
1305,26.60092391550754
1306,26.8581550148313
1307,28.82817743790234
1308,25.343502279075746
1309,25.76606452171038
1310,26.916459494569704
1311,25.524413522381565
1312,26.994623848263597
1313,27.728884819903293
1314,25.699241073434365
1315,25.410679783750208
1316,25.493010250104184
1317,26.22197525182624
1318,26.962981131618445
1319,30.89204724312382
1320,28.803791469099483
1321,24.500350832877913
1322,27.217153119524767
1323,26.819230462766797
1324,26.07324875408224
1325,28.780735870457036
1326,26.181452887155654
1327,27.089368214940414
1328,30.37891543799094
1329,26.34372187418729
1330,26.78515693686091
1331,26.64188894513003
1332,25.064067120442672
1333,26.305578311935484
1334,26.45435914183374
1335,25.220437695826035
1336,26.82438813774917
1337,31.15049985111124
1338,25.729995975885306
1339,30.85131634108958
1340,25.46133536137688
1341,25.209880143125645
1342,25.513781413422567
1343,26.288778607450446
1344,26.188961625892816
1345,27.432450464826413
1346,25.68698977391503
1347,26.355389072175672
1348,27.057826052067064
1349,29.1915237158657
1350,25.97664956971987
1351,26.928071898425124
1352,29.91501066740221
1353,24.772907773733074
1354,25.821432358809915
1355,25.62198613396336
1356,25.993270220384936
1357,28.273004471560647
1358,26.535130688326337
1359,29.926043531202208
1360,28.596944217906515
1361,24.979124042131552
1362,26.198646673706182
1363,31.66472291085551
1364,25.754126571788138
1365,27.433987889385392
1366,27.21898945964979
1367,26.515670278466203
1368,26.30876515101857
1369,30.577613209921793
1370,27.443282889440496
1371,30.3260388402481
1372,28.732932453017344
1373,28.83140903441666
1374,26.039823111191478
1375,27.663622675534388
1376,25.981482085432273
1377,26.03862824454139
1378,30.87642549613746
1379,25.220361539864832
1380,26.766696448213654
1381,25.31017779860815
1382,27.98980894723557
1383,25.44596529233274
1384,30.184957731828657
1385,26.80747810787542
1386,25.93235085348044
1387,28.020729853964134
1388,26.887292788791633
1389,26.599342802160525
1390,25.429594280866983
1391,25.539692068617192
1392,28.789150082066264
1393,26.430661430050986
1394,26.308799817141825
1395,26.131362988613027
1396,26.162550939262093
1397,25.464391492005443
1398,29.059370606053456
1399,28.44123384264277
1400,30.13581463839197
1401,30.27572240739197
1402,25.466325167632583
1403,25.74650549751261
1404,33.21563170813
1405,26.46837655810379
1406,26.3839080696835
1407,32.82760053104323
1408,25.570303253660207
1409,25.777885373703356
1410,25.467744739205042
1411,26.761999235141438
1412,27.918071223411907
1413,28.91353897506761
1414,26.65422089721491
1415,32.27821654236938
1416,30.782114169996905
1417,28.8519785160176
1418,25.4094281881791
1419,28.675256506383633
1420,25.82033257684034
1421,28.999636599443587
1422,32.59433294235829
1423,26.598719100310362
1424,25.31270659452149
1425,25.08239512809823
1426,30.741956266053705
1427,31.63392962888776
1428,26.98888548981657
1429,32.041959285164126
1430,26.243329104306905
1431,28.374289321910744
1432,30.442616746286788
1433,31.83830484944175
1434,26.11264389154772
1435,27.00644793999023
1436,26.612910735195705
1437,27.54191399959709
1438,27.267301857162316
1439,29.116161329047998
1440,33.879047590725875
1441,25.339810577858746
1442,32.24331642152543
1443,26.786479304283482
1444,32.98781269971529
1445,26.41655955638853
1446,25.861285114526304
1447,26.10042797484244
1448,31.77397009776027
1449,30.77414603282928
1450,26.337818663764693
1451,25.220195112126643
1452,26.48985676578388
1453,28.748497084898766
1454,27.156996068224345
1455,33.02669888388956
1456,26.517417290339225
1457,30.070536286099912
1458,25.80477971349065
1459,28.09783275649475
1460,28.12582779224115
1461,26.653225334757565
1462,28.520224387286714
1463,26.597368763274982
1464,31.027647258945613
1465,25.018355606208846
1466,32.15256901922392
1467,32.27733899632342
1468,28.133915711818638
1469,26.187465835548167
1470,26.739065155837373
1471,25.919968895836224
1472,26.612110731147933
1473,26.169567706453208
1474,27.486719243540097
1475,28.112502278362197
1476,26.88746862266272
1477,26.240034047836534
1478,27.150272361343504
1479,32.03552599049573
1480,27.513990435549825
1481,26.38929282631129
1482,26.368013030601276
1483,28.841225008221993
1484,29.381757962013605
1485,25.017704673226593
1486,29.079614767718446
1487,26.444978266044238
1488,26.290978266208704
1489,32.26569959699751
1490,32.48762241720091
1491,30.821681398228318
1492,26.578650940973656
1493,26.283317793957416
1494,30.13122655121397
1495,26.298920505831838
1496,25.269853485943877
1497,25.72076640292619
1498,28.111616499143928
1499,25.281052854916272
1500,28.670106563605305
1501,29.911570576946595
1502,29.784096670373103
1503,27.000674945340634
1504,26.775628753841577
1505,25.239807465534714
1506,26.60306318045029
1507,24.92914171819973
1508,30.826786819514417
1509,27.02794264768991
1510,25.20680154402045
1511,26.221239338350635
1512,25.685932144675967
1513,24.90654766393171
1514,26.74371791366761
1515,26.037046829335054
1516,31.440668779870734
1517,26.223743502339865
1518,27.273771074811584
1519,27.278406057412912
1520,26.758166202337183
1521,28.42688897100148
1522,29.447519425006565
1523,29.02625376131677
1524,26.239514341839545
1525,26.82200700924046
1526,26.0170047356145
1527,25.497446333061724
1528,25.399871521062014
1529,25.335028653898128
1530,27.312537818475228
1531,25.88809965885251
1532,27.30309198381442
1533,30.122737944289675
1534,29.056011351033487
1535,26.696333737976545
1536,29.973989927013914
1537,25.511532838647433
1538,26.076156854070838
1539,30.855671548197556
1540,26.673295334358496
1541,27.11841399338642
1542,26.703663753554373
1543,26.088146087638947
1544,25.130213085352803
1545,26.87198332962692
1546,28.7637019912756
1547,27.147017240508372
1548,28.265616207930787
1549,28.101079480512418
1550,25.175038565101453
1551,25.84645268338226
1552,26.491408004432735
1553,28.1057865181805
1554,25.559582123167488
1555,26.420486513424517
1556,25.574583850318916
1557,28.364538389808413
1558,27.436230334411796
1559,32.081170009372656
1560,26.294100317629315
1561,30.799644517878683
1562,25.89499380946745
1563,25.369832698521392
1564,25.850418857708284
1565,27.322321922213526
1566,28.486681465030625
1567,25.219581718646822
1568,29.062715249447052
1569,31.942505589439694
1570,32.114624609421746
1571,29.29645691255073
1572,27.60616252152514
1573,27.557324987175
1574,25.281271985593676
1575,29.89359206698532
1576,27.37073999515916
1577,31.831089015957943
1578,27.816252209470825
1579,25.92251816800063
1580,25.49090878231334
1581,26.61947714270646
1582,26.90243649388858
1583,26.564600080281615
1584,31.67856729387251
1585,27.642106080156626
1586,26.87134737766878
1587,27.548798209783143
1588,26.819610166673563
1589,31.060254398642638
1590,26.290978266208704
1591,25.973769793724
1592,26.49530286032161
1593,25.767027191750092
1594,25.395130122026202
1595,26.421607875617664
1596,29.412995141309608
1597,31.113829845364744
1598,25.904782855097007
1599,33.112503169745935
1600,27.087901494497473
1601,26.524547278929273
1602,26.535954967149593
1603,26.71783025370985
1604,29.664065174497175
1605,29.640669628681337
1606,28.285062517288743
1607,26.329319327839304
1608,25.429594280866983
1609,27.080445405237864
1610,25.86407988759552
1611,25.674214761438872
1612,25.49236056510896
1613,27.965960367456024
1614,29.420871844126474
1615,26.95183400951282
1616,27.59802032611096
1617,30.2190924336165
1618,25.280392612864173
1619,25.66128025851246
1620,26.126547353746606
1621,29.833557394268137
1622,25.583333595631338
1623,26.311934736305023
1624,25.57714683744547
1625,26.189052197545145
1626,25.15980770683905
1627,32.727804617536755
1628,25.28119822012013
1629,27.017485880358795
1630,25.6041183025211
1631,26.098179944918265
1632,26.92893120293908
1633,32.316284171916024
1634,31.552630805420534
1635,25.932203529045204
1636,25.23273382191368
1637,28.966219210312726
1638,30.791226298078826
1639,25.706394226237474
1640,26.76184250425684
1641,26.833253843844528
1642,26.654797933357997
1643,30.22279928771605
1644,27.462048295815123
1645,29.445462906025213
1646,28.013378327818984
1647,30.642529191132077
1648,25.42063918570953
1649,28.332230585553845
1650,29.53749091821915
1651,26.947246517625803
1652,25.07108538845241
1653,25.512483029156613
1654,29.230352759898537
1655,27.570224693844736
1656,26.08085749727369
1657,28.81000281229886
1658,25.684109020725835
1659,26.378592330266525
1660,25.692576913168413
1661,27.082297722943327
1662,33.971167385357106
1663,27.871233488994164
1664,26.74740750058594
1665,25.98195152292104
1666,26.8406623638522
1667,25.804636591191066
1668,25.699241073434365
1669,26.224080067855333
1670,25.975390252862653
1671,25.788204444659286
1672,26.857877199379253
1673,27.077938838689057
1674,26.774523355164582
1675,29.220833707161624
1676,27.539092096344465
1677,25.535759753056077
1678,32.28248799938916
1679,26.400850013812985
1680,25.954340471807733
1681,25.547181815771253
1682,28.77074715007186
1683,23.925028359596343
1684,28.6844299857319
1685,24.80797818569193
1686,35.99795235585716
1687,29.530195369681866
1688,35.14244849925096
1689,37.491739573478355
1690,37.25168318147218
1691,32.10291371084096
1692,23.7167296608581
1693,24.6299723575847
1694,23.76341293001309
1695,25.43179599146105
1696,27.372593215666335
1697,23.729392324258665
1698,24.871680304604972
1699,23.96071661214618
1700,23.95068682390366
1701,27.027659710313653
1702,30.735991676029055
1703,31.336055133954922
1704,39.160741104562256
1705,23.84228448564182
1706,25.682903720485875
1707,35.59650794725568
1708,26.262155504354382
1709,31.787642390377176
1710,31.137312865992666
1711,31.853523952374715
1712,27.361389660615536
1713,34.19931900071819
1714,24.5839325590901
1715,25.88388590972231
1716,36.18673448617356
1717,37.08031871269974
1718,32.39938742982101
1719,32.66408569159128
1720,23.775400492103483
1721,24.092659822806873
1722,24.16046891407392
1723,26.941797922409286
1724,25.375598242689094
1725,31.668182490261486
1726,25.148369770017325
1727,23.618086735833064
1728,23.764749237161197
1729,26.736249261769476
1730,31.360508556560735
1731,32.716745619182255
1732,38.83036649162959
1733,36.997277251006686
1734,25.49715094725453
1735,37.149898027091126
1736,26.035385459984045
1737,24.484408416242836
1738,24.380191368738625
1739,25.15521283026442
1740,23.640163053465066
1741,37.57401971091394
1742,35.135996534284246
1743,24.641242633319614
1744,24.93349321432284
1745,31.997669137536676
1746,24.197708034860977
1747,25.279972627362966
1748,41.212240429756434
1749,31.739500847627873
1750,27.64977023802102
1751,23.676474735818722
1752,26.035135314761156
1753,24.67593497342135
1754,23.89803614578998
1755,24.495979775396318
1756,28.671948249207855
1757,24.9515785957954
1758,24.324960589622577
1759,35.030835528394675
1760,24.1594640290995
1761,36.47412480831654
1762,24.565439883623814
1763,24.360802732433847
1764,31.72965293395695
1765,24.580528479462462
1766,23.753926764101926
1767,28.442605518143417
1768,39.88260879867501
1769,27.470120809840484
1770,25.988369997578566
1771,29.79339518559333
1772,28.44646775913437
1773,23.64744345820658
1774,30.999031066808694
1775,27.94395387828416
1776,27.96359256126
1777,23.607403459095636
1778,24.960744248492162
1779,23.745992847271395
1780,31.70093626977818
1781,36.57682204869383
1782,25.69028352330979
1783,29.501010731702383
1784,23.498800838689142
1785,27.73856080356477
1786,25.11539616191974
1787,39.213478414126506
1788,32.529864752157756
1789,27.415015835764592
1790,26.378397754804073
1791,27.89532071817913
1792,31.057153992211
1793,25.408098970234676
1794,24.62353253905774
1795,29.65457638602535
1796,23.44192399697355
1797,36.65096822796273
1798,37.87487370070968
1799,30.035990800710294
1800,37.52848119279711
1801,41.960738016484875
1802,26.14501286275191
1803,28.649503329979645
1804,26.047702035374336
1805,28.07468321698611
1806,26.856557558071252
1807,25.946330028112115
1808,35.455209143556075
1809,27.903970087031105
1810,33.97274943735539
1811,24.133339529182788
1812,24.73737437517064
1813,26.498313142506763
1814,35.68873240364313
1815,24.29914947574517
1816,39.0102472587512
1817,30.052226494558315
1818,33.00653372290712
1819,38.34969427232734
1820,32.73498314647648
1821,26.301177312826752
1822,24.848577628666575
1823,26.292443546393955
1824,26.68170599937833
1825,27.204982152759623
1826,37.85094365227955
1827,38.34514016451387
1828,26.71878883941851
1829,25.996016634761787
1830,26.45372785829987
1831,39.80747016965758
1832,36.69392903901722
1833,33.43495485977084
1834,24.2127853082778
1835,25.564091607313898
1836,29.935817019139396
1837,25.251209039631213
1838,30.471978986745892
1839,38.87000913041992
1840,25.605311989015902
1841,24.102642869822606
1842,27.321023200935034
1843,28.04574139223005
1844,26.313102775937207
1845,34.76069686118918
1846,37.394220925123605
1847,29.540803748914847
1848,31.913195426741353
1849,33.399464441586886
1850,36.22777375676497
1851,23.475397219742103
1852,37.33480626543766
1853,24.884806226569328
1854,28.475166220895744
1855,39.02122937885084
1856,31.92954342412241
1857,24.145378481478186
1858,35.69507696153098
1859,24.51130069114082
1860,36.48068112162786
1861,38.04752410815658
1862,26.395778879225933
1863,26.334585331947583
1864,27.722550775194858
1865,25.58032238637008
1866,25.35914015671934
1867,26.8613392971172
1868,24.560612343680823
1869,25.097999442183102
1870,24.913377256044466
1871,24.180346953076366
1872,25.749364804406895
1873,26.157126254721298
1874,23.684836727190582
1875,39.51918923361426
1876,34.02571024167764
1877,36.42144191362772
1878,23.668123995188054
1879,24.36495321314036
1880,25.649706181381713
1881,23.732331433258935
1882,25.497233686166584
1883,41.876902787617944
1884,26.447360509783472
1885,36.73839850991528
1886,27.25883575297996
1887,33.63900508345982
1888,37.24811995892449
1889,23.788743091723298
1890,36.00262319651269
1891,24.24005298130993
1892,39.73269689282885
1893,24.55247236316648
1894,32.319466077867034
1895,23.853450510146363
1896,26.163052919429838
1897,33.78789056569008
1898,25.624261412901276
1899,25.888129106053704
1900,29.8231286061679
1901,29.4636213402132
1902,24.381874910741157
1903,24.052300417896433
1904,24.46799896480388
1905,35.43486341363351
1906,25.22704931214342
1907,34.40294909582782
1908,28.308542435942368
1909,35.835785788610494
1910,26.334800827782374
1911,28.323378815498327
1912,31.66274284298178
1913,26.744244709407326
1914,26.938401982064594
1915,29.642161683905616
1916,32.381504319902234
1917,32.87744098523998
1918,33.65232840052708
1919,27.707055928383472
1920,23.32341458535886
1921,37.217204890975125
1922,40.5992488329709
1923,23.839557187205678
1924,24.43621446497861
1925,23.66204609621135
1926,30.855343721643106
1927,36.23997902457955
1928,24.893094184991966
1929,25.034027157821875
1930,36.29216618285474
1931,37.29994508400762
1932,40.80165444950707
1933,31.444769158278636
1934,28.52340318157309
1935,23.596659602323815
1936,26.878931161151513
1937,28.701339391319046
1938,24.66256651395071
1939,26.01975295623929
1940,25.097999442183102
1941,23.792798425245902
1942,32.81186482348197
1943,30.55354914986578
1944,24.26020750123855
1945,27.472296534570525
1946,24.389525975206915
1947,31.92067364666337
1948,23.748747088934017
1949,25.75392341202137
1950,24.20029305363458
1951,40.78899333184002
1952,38.503698132299675
1953,24.661457937929725
1954,35.13339330909326
1955,32.47151520305797
1956,28.840158980379368
1957,31.955289572650518
1958,25.647230205901813
1959,38.11894577736531
1960,25.805253938119517
1961,41.35115116843102
1962,24.11685899799741
1963,33.301151069973635
1964,25.80724180642752
1965,37.492344138775515
1966,29.288767699079497
1967,33.46515839787117
1968,24.912534250803592
1969,24.443491911398453
1970,28.460343913692334
1971,35.74585686639077
1972,39.83718882864346
1973,34.27492127630953
1974,39.32706184870551
1975,26.752088174932414
1976,25.848818220910687
1977,28.944438495882455
1978,36.345032463239924
1979,24.57885469017159
1980,24.507362571732365
1981,34.580851580219154
1982,23.718253760547427
1983,24.370566037956202
1984,25.84462380330085
1985,26.710378659074376
1986,23.892385309699907
1987,26.039449780177705
1988,26.01975295623929
1989,24.227117024499105
1990,34.7607211328313
1991,34.711595535629044
1992,25.837004189586118
1993,26.965509433252826
1994,26.544131697598754
1995,23.76019949226059
1996,30.91850516007297
1997,31.429317492206145
1998,25.029096227052584
1999,38.50179724649723
2000,25.244857389649102
2001,37.11418418869407
2002,24.805546838256404
2003,25.891980675136537
2004,27.292531254769425
2005,26.694169221495155
2006,32.87493092675801
2007,23.509964106091772
2008,24.651652464341787
2009,24.455394983721607
2010,32.981652863028344
2011,40.02247355511204
2012,35.01755156668065
2013,24.3043176460342
2014,31.805708102645255
2015,43.38167991093276
2016,36.154203166113874
2017,33.96107432583233
2018,25.166639988114454
2019,25.35854097537819
2020,26.34769991204677
2021,24.6967321410499
2022,32.33137922736894
2023,40.44083789767549
2024,24.248367854425403
2025,26.035449006957283
2026,24.330976829529853
2027,30.242456994939943
2028,26.935534449044845
2029,24.67742004289855
2030,32.587953287802414
2031,26.562836107561466
2032,36.05341564737664
2033,33.04020769769834
2034,27.32020444971564
2035,24.705069173885626
2036,24.926996653246633
2037,23.737243739031854
2038,33.330618010924695
2039,23.792442233089027
2040,40.12188538160039
2041,26.66692625414055
2042,35.72963734155223
2043,24.42256383724953
2044,25.024628620775815
2045,26.446412228754518
2046,26.170061180702326
2047,25.46876453285362
2048,31.184170801793996
2049,26.52727896765796
2050,28.512037223312344
2051,25.04077133868295
2052,25.912132638151387
2053,37.85758350512286
2054,27.73856080356477
2055,27.651508436903413
2056,25.372981998912444
2057,23.860619786688744
2058,38.59863366991641
2059,23.074322709322207
2060,25.91464122639027
2061,28.61764537620638
2062,24.723786050272935
2063,25.143861456387935
2064,32.55723344301591
2065,25.596955620051812
2066,24.79493188619625
2067,31.840171457214005
2068,24.520547743764016
2069,28.25172978575728
2070,39.13855810656215
2071,27.995927982690684
2072,24.928315878287002
2073,29.403528462953705
2074,26.55858952023333
2075,38.2028346322792
2076,25.444371960617325
2077,26.12646924262833
2078,28.892987047764233
2079,34.526261379459854
2080,34.214123743638666
2081,28.517582216660415
2082,24.2416074846127
2083,29.118646372840026
2084,24.293449202550796
2085,35.033425690293114
2086,26.995509180116347
2087,24.765459761653602
2088,24.33573789561755
2089,36.73495928428185
2090,33.12949459186618
2091,25.74332642851135
2092,31.045936774526215
2093,26.06532688729638
2094,35.02963776299242
2095,23.553406570030816
2096,38.0550879789692
2097,23.842691212531047
2098,25.04550629774391
2099,30.909798108258833
2100,28.288990879278124
2101,25.733440145529094
2102,27.04168127358466
2103,28.993943606794254
2104,26.261602875012013
2105,27.94217760653544
2106,39.06364198215976
2107,29.127846087668857
2108,28.82673761172385
2109,24.032693451815287
2110,24.324960589622577
2111,29.488551778424377
2112,24.2238238227059
2113,27.036887371924017
2114,23.93350385517643
2115,24.443491911398453
2116,29.926034589970367
2117,33.152003827047544
2118,29.049407352758276
2119,27.60748729874966
2120,24.95330345519924
2121,28.669172438763113
2122,26.528268015628647
2123,27.591511174580816
2124,25.609981505473044
2125,32.06542988476109
2126,27.206235282685533
2127,25.927990813807252
2128,27.324026169437147
2129,29.160514689270247
2130,31.378683927298194
2131,26.092818578257486
2132,26.5859451608884
2133,29.3384310036214
2134,33.587379892951624
2135,28.214017100629235
2136,24.95614785692804
2137,27.81588079330909
2138,25.947529783623217
2139,25.319121831400054
2140,24.46598710957867
2141,26.358929879650333
2142,25.900463732446784
2143,25.49488477505981
2144,31.91673030495583
2145,32.91820059353895
2146,24.98163101757552
2147,25.325693400353256
2148,24.641758637506808
2149,25.41981825401718
2150,28.239891697304184
2151,33.67230010374233
2152,28.447871352459693
2153,27.802360780003234
2154,34.6317067402284
2155,32.714956964620406
2156,24.076373577307017
2157,25.25332204850977
2158,29.551295747423318
2159,23.460097663850444
2160,30.67751912863682
2161,31.939712916416905
2162,25.89189040820699
2163,31.97384276651794
2164,29.34450648189905
2165,28.343391676492033
2166,26.948517753446097
2167,27.06726090425205
2168,25.672267273026737
2169,24.517246688618613
2170,28.390170763564832
2171,24.702933545582678
2172,27.651366260983732
2173,26.13366363237854
2174,31.198899771986884
2175,23.8271889741
2176,25.741238267792994
2177,25.570256038314284
2178,25.20155923795572
2179,27.660754479205632
2180,26.38937100185328
2181,32.19055451489324
2182,24.929029161011613
2183,27.193726128081558
2184,24.168420439069255
2185,25.513818807020982
2186,33.94837256190478
2187,26.283396849930497
2188,34.03456206196922
2189,25.669069321717775
2190,24.68388828355712
2191,27.274469744998814
2192,24.27862070703119
2193,32.69157805556487
2194,26.04432630782553
2195,25.276476445694993
2196,33.12715185268513
2197,31.275408555702853
2198,27.174649911417383
2199,29.97496629984986
2200,33.79720047868793
2201,33.86042986845854
2202,24.149085999804143
2203,28.314547878780477
2204,25.614135901005366
2205,28.040069880893586
2206,27.027138685042726
2207,33.928052450388755
2208,25.862858873799507
2209,25.586323942091088
2210,26.886363644497
2211,24.254268856951867
2212,29.973591497757685
2213,23.557585201757274
2214,28.011361127338475
2215,24.96389786390564
2216,24.775186393782135
2217,31.391216614819406
2218,25.980550277232766
2219,33.58079721710033
2220,32.3509120451733
2221,33.4293336277216
2222,28.06949317626678
2223,24.134250153288946
2224,27.161919539393516
2225,26.773467020132287
2226,25.381916931127204
2227,25.184303402115102
2228,23.78789813953597
2229,30.45139957449363
2230,32.03575666147447
2231,24.984746113749875
2232,30.4374794356033
2233,33.4826283333479
2234,24.054009424056876
2235,28.85033333723279
2236,25.941947020896233
2237,25.232070745381968
2238,28.653279707197797
2239,27.197065892616678
2240,28.6691226989325
2241,26.64709409133047
2242,26.72294862733902
2243,27.280441719098416
2244,26.427239737659296
2245,27.82995747945686
2246,24.592850550395546
2247,26.73275844703443
2248,24.341022137399708
2249,30.862488235716093
2250,27.88392648992953
2251,26.945028733010876
2252,25.966747666411997
2253,24.111683470222165
2254,24.146427611714298
2255,32.24065828248975
2256,28.04888338088119
2257,28.038051335456437
2258,29.796911035203628
2259,31.11979287373765
2260,25.005616511437832
2261,25.741728960413976
2262,25.555096767708083
2263,24.35522339811677
2264,31.990861643954588
2265,29.99723943226469
2266,28.353562257392337
2267,25.230077602723863
2268,26.30343878113907
2269,24.58767283851674
2270,28.730450513074718
2271,26.950252099990234
2272,24.595907928427465
2273,25.143837426102117
2274,25.441550028250035
2275,30.320363208793104
2276,27.116936663537576
2277,32.32417497651707
2278,25.61184489020045
2279,30.520712413868026
2280,25.134261360172864
2281,26.17048333322783
2282,27.925189840739346
2283,27.884628910946155
2284,25.327205394643077
2285,26.906052256364827
2286,27.09636968648086
2287,27.6174482666801
2288,31.360024424284852
2289,26.321101781162834
2290,26.069848786544576
2291,26.69323403855415
2292,32.373709795592276
2293,34.59434557640913
2294,25.462533490596535
2295,26.38530995199373
2296,23.796767598029952
2297,25.93499043066737
2298,26.0558529904873
2299,24.45433802426568
2300,27.674280486372293
2301,25.323255048450545
2302,26.31948249109041
2303,26.227504780034135
2304,25.424333953808386
2305,25.263222289795163
2306,25.35995255940882
2307,26.539465867612414
2308,24.785317145891078
2309,28.01632773546589
2310,29.42862625501446
2311,25.635945098665317
2312,29.708746537212267
2313,24.587140729949873
2314,25.02974462230151
2315,24.26418195907583
2316,26.56176909748743
2317,26.6033734349292
2318,27.814393933959963
2319,31.893248490636985
2320,26.22152916276965
2321,23.80956321278823
2322,26.98780642250047
2323,28.91808301283706
2324,25.651208415860907
2325,26.427125202141603
2326,26.974749691731006
2327,33.92516308509338
2328,25.712535602935183
2329,26.3853534879603
2330,25.829195165583926
2331,25.940585114797717
2332,24.112460199321134
2333,25.666482566355434
2334,25.158743699937006
2335,23.505191731827992
2336,25.776592226055765
2337,34.80091805918263
2338,25.08166741294792
2339,23.673297612269977
2340,27.3756781531795
2341,25.86416461362222
2342,29.580467614185125
2343,25.2225423617153
2344,26.229274801127076
2345,24.14896541068861
2346,23.97594873523708
2347,24.778857857334245
2348,28.264307597621304
2349,28.026522794518726
2350,25.482442821943945
2351,24.852895911891526
2352,29.079049282318692
2353,25.285123718422163
2354,28.016115078255773
2355,27.261290431445858
2356,23.883914440324414
2357,30.175755235334634
2358,25.321272605257775
2359,30.899327306739945
2360,28.167829152761996
2361,28.856896566129244
2362,26.280356657126
2363,30.07620228720646
2364,25.079894225114735
2365,26.51513144879577
2366,34.23986634258215
2367,24.83741026991604
2368,26.02062094407479
2369,28.008977723409313
2370,26.958103917221415
2371,25.58301544442779
2372,25.405584262624167
2373,28.21745993139228
2374,32.94616260748613
2375,26.043245543916417
2376,28.398372708096204
2377,23.45867420737048
2378,31.44422655579058
2379,32.38221978775479
2380,26.57036448332517
2381,27.195833817275773
2382,26.089552868686056
2383,25.21226673087875
2384,25.87451719958478
2385,25.612822122976542
2386,25.25716386563178
2387,24.91762507295592
2388,27.015047842001344
2389,25.326879291480864
2390,25.737430423762056
2391,24.772375365297336
2392,31.114247308564437
2393,27.217962993309595
2394,24.582041394571412
2395,24.174711288387222
2396,23.320779189646554
2397,26.748066345150598
2398,25.38483880319844
2399,25.622086842411054
2400,27.803650060778843
2401,24.69676284117071
2402,30.48087600315379
2403,33.061254372022354
2404,24.52309148487429
2405,24.67697379658377
2406,27.428772283779903
2407,28.74970832524159
2408,25.6776313097632
2409,34.540539767559935
2410,25.752187925421964
2411,36.50279275045826
2412,24.59023920962774
2413,28.470707467767788
2414,27.9824081871566
2415,26.57937914580492
2416,27.496776848160582
2417,23.991698967410507
2418,24.302737988916217
2419,30.446778678865705
2420,26.321106310130798
2421,26.885911142545275
2422,24.623307892700893
2423,24.27410366455433
2424,26.982530592277286
2425,34.047141961702074
2426,24.213754372179636
2427,31.453285597302962
2428,24.415459504231514
2429,25.885562492791344
2430,27.549782358886
2431,28.747955379268053
2432,24.887686879996778
2433,27.465422267025236
2434,26.98289614898642
2435,30.843217143798842
2436,29.047901967790317
2437,24.05396797018033
2438,26.93705046834361
2439,29.593197878065432
2440,26.421773485650704
2441,28.39768963669272
2442,29.556772639584246
2443,27.664484233641975
2444,25.67169112429128
2445,24.3366260205463
2446,28.859702204070157
2447,28.028635398837448
2448,24.92144636257253
2449,25.178874555008207
2450,25.14041918778966
2451,24.894490127504714
2452,24.54173188688739
2453,25.117949701479443
2454,27.169803562735424
2455,24.751412524708158
2456,24.979025741206193
2457,25.292486355675873
2458,25.628133798331657
2459,23.93767386906866
2460,28.232663592285004
2461,30.000596405006117
2462,24.055099527974974
2463,25.129314460320447
2464,28.52693566867202
2465,26.964633971240488
2466,34.07515971796265
2467,26.13748970805237
2468,29.039622542657476
2469,28.44300753728259
2470,28.107126059031653
2471,33.23800097395776
2472,27.702859065979975
2473,31.41233176937431
2474,27.714223544522497
2475,30.091395207980348
2476,24.869239632726583
2477,23.570862145922575
2478,26.101943253717394
2479,33.23964145504592
2480,31.837633469468887
2481,32.13472518512779
2482,27.680269865130118
2483,28.05909141193812
2484,26.602386258188428
2485,24.856413097747712
2486,24.471253936894335
2487,27.478229527756543
2488,32.11579431204799
2489,27.859977734962385
2490,24.495797632109223
2491,28.46863056204107
2492,33.94701077698244
2493,29.472259453995253
2494,30.583069381009732
2495,25.33341891666219
2496,23.948356627938466
2497,26.36557308680728
2498,25.070890902359974
2499,25.315141537623084
2500,23.964062975157628
2501,23.671350884653638
2502,27.576951738307137
2503,26.359834098997986
2504,26.024492695304428
2505,26.77023092513522
2506,27.066618508951056
2507,25.525009001554785
2508,24.168431530518085
2509,23.6221269447517
2510,25.084714050585823
2511,27.261831788527488
2512,23.745012805990882
2513,25.3671980387223
2514,35.02793463440591
2515,25.123893150685813
2516,31.509728245470814
2517,26.06247185190878
2518,29.099125125494155
2519,27.380590646307933
2520,28.094333217684564
2521,26.058697057930058
2522,25.059014490577493
2523,26.37944345170016
2524,24.767156664194705
2525,24.203531449473346
2526,27.346450646549982
2527,29.341780047058297
2528,28.896620608258985
2529,32.8344426468219
2530,26.216662576526453
2531,29.57234112081725
2532,33.84743913605415
2533,29.72896628868384
2534,23.9321182575706
2535,25.91216688219609
2536,25.53019639193672
2537,25.897140421840056
2538,27.5729070192348
2539,25.677415031209467
2540,26.134244467947923
2541,29.276314912268933
2542,25.46290511424481
2543,26.07815489751947
2544,26.52070186210733
2545,29.213714177187352
2546,29.888855703281497
2547,28.67173862538198
2548,28.978582603096655
2549,28.675549008745087
2550,28.93652748469996
2551,31.30015061087745
2552,28.789077111258297
2553,34.19935979849864
2554,28.985351398186136
2555,28.904265806806443
2556,27.497418333928792
2557,28.723293696723246
2558,32.91153945718506
2559,29.651352794175036
2560,29.142982341150777
2561,32.596097485730986
2562,30.320130597389518
2563,34.008870515824455
2564,30.794448610038188
2565,37.58332491412777
2566,28.36179268061498
2567,30.513267066381218
2568,35.51705071863578
2569,28.847758098928328
2570,30.525006808108778
2571,27.31497045726403
2572,31.84311864159021
2573,29.533896798323727
2574,34.06164198555558
2575,29.78234457292978
2576,29.366615879176983
2577,29.5978503405746
2578,32.02902365082961
2579,28.2272997086267
2580,30.12183947241443
2581,29.990586516922104
2582,32.43563491359359
2583,30.429939971789388
2584,29.956465662247577
2585,29.835341115875885
2586,33.18090753987932
2587,30.043507180979912
2588,29.3258225305738
2589,30.935831660929377
2590,28.789398273602835
2591,28.255033047031976
2592,28.815811514267654
2593,27.950585551882767
2594,32.22928951172859
2595,33.544641733409534
2596,34.46812534405736
2597,34.112517348489064
2598,28.85790167109698
2599,28.76324004927477
2600,30.266410676743142
2601,29.796695389337714
2602,28.46518756301936
2603,31.65722605395136
2604,30.535136152244956
2605,28.427395649175104
2606,29.43145498441212
2607,33.806337505716655
2608,33.74815880874135
2609,29.961985108645962
2610,30.245982368762334
2611,32.85605797771251
2612,29.270499780335093
2613,28.799463036999104
2614,28.79335881586458
2615,34.21212870918369
2616,30.08235338937196
2617,29.17612499858616
2618,30.18302152801117
2619,29.88695138473237
2620,32.39013929688149
2621,27.159486747086426
2622,28.59560182940615
2623,32.330788950987525
2624,27.861021140264757
2625,30.860983747933307
2626,32.69299750498545
2627,28.375077031668557
2628,36.481647849946285
2629,32.702595175296345
2630,28.746019061598552
2631,29.79863115025172
2632,31.383270183284527
2633,28.972364582050304
2634,33.33324913812525
2635,28.726959919556833
2636,30.31808593469369
2637,34.74206397136622
2638,28.6186392573305
2639,28.40692867132742
2640,27.950769547845315
2641,29.742918745470302
2642,30.607786158908205
2643,29.50405979562392
2644,33.24443007650322
2645,30.82016025677826
2646,29.27591540163942
2647,28.7726302791168
2648,28.845547142191624
2649,30.33248797688861
2650,30.565396155126532
2651,30.227759773363328
2652,32.52646047785187
2653,28.575482347079518
2654,30.883554796175133
2655,30.35446320696276
2656,29.2589551691717
2657,28.063820844875508
2658,29.087352465634897
2659,35.03313947003642
2660,29.724905442706692
2661,29.295581795612467
2662,28.203910718671974
2663,28.372489515644965
2664,29.447415181752614
2665,33.73892006304549
2666,33.09257658358666
2667,34.3186893402707
2668,28.91704686678552
2669,26.614045003762428
2670,33.278547564312476
2671,27.83746053551212
2672,29.69815590416237
2673,28.484706174969325
2674,34.63110368355737
2675,32.80228576120299
2676,30.993677550755724
2677,30.868105940877413
2678,28.822269365903107
2679,29.235896778451973
2680,28.3994391336449
2681,27.687446030125965
2682,28.709261041036346
2683,33.24056219760497
2684,28.041007694804442
2685,29.543804369286022
2686,31.450196101741337
2687,29.67162608068309
2688,32.70606551105235
2689,30.51671257210189
2690,29.788848705263046
2691,29.705593388184518
2692,29.157857469521478
2693,29.410459190359443
2694,29.32452325104158
2695,34.821512024955084
2696,29.94314107774043
2697,29.71892584803826
2698,29.43434829575254
2699,30.28145248185581
2700,28.781493800510415
2701,29.85147378895645
2702,32.59500471259759
2703,28.444406871325818
2704,28.777237884272754
2705,28.580960210134037
2706,29.4626214771624
2707,29.181892831513874
2708,28.545262137571356
2709,30.42219723823832
2710,31.68771323965955
2711,27.128108916478574
2712,31.811055456956083
2713,28.72223202619748
2714,29.973523562013966
2715,29.64717476420676
2716,32.420199402240236
2717,29.687989905114932
2718,28.866688384176495
2719,31.663294131166193
2720,29.864997974625847
2721,30.057576666595434
2722,36.550970587301016
2723,26.77304539900439
2724,33.726837532678736
2725,29.88565670171774
2726,31.555327634682445
2727,30.15184336572163
2728,31.44670167783879
2729,30.69574895291654
2730,29.215173653254613
2731,29.879269377765972
2732,30.576425672337145
2733,29.86162127683724
2734,36.27747513815659
2735,29.416288697102658
2736,35.57190657042764
2737,29.59491687836717
2738,28.370527795602914
2739,30.08019269396847
2740,28.804160363592896
2741,33.50447783273038
2742,28.18049931607339
2743,34.677197555291585
2744,28.684810184591505
2745,29.55323753946694
2746,34.25385028174652
2747,30.26825812445378
2748,28.747028889113412
2749,29.236922808661326
2750,28.074851719249068
2751,34.165230178861314
2752,28.35330078809371
2753,30.02945291985619
2754,29.156530483363525
2755,31.379070920883677
2756,29.012735016687976
2757,33.90240640553085
2758,29.840391176800278
2759,30.782295065660257
2760,28.83567766485965
2761,28.90007068701267
2762,33.343998571451316
2763,28.188971826231274
2764,31.87423770285338
2765,29.62709708215109
2766,33.22548642532391
2767,28.683068195030096
2768,29.506349124793466
2769,31.930439020251654
2770,29.747763564094612
2771,30.420257479321755
2772,26.963146097532075
2773,32.260632651312015
2774,31.511311373013907
2775,32.59230768333261
2776,31.20239815012598
2777,28.626361043562007
2778,29.553966007410498
2779,34.243869380625384
2780,30.528303592278284
2781,28.788711966089235
2782,28.20743339388464
2783,28.136734032170924
2784,30.811619662268217
2785,28.818158693870796
2786,29.847996998930398
2787,29.35096510437806
2788,30.474018886668254
2789,31.076982086035322
2790,29.13335194559542
2791,31.31809534529739
2792,29.774099460728912
2793,29.444088156276436
2794,31.699070126874247
2795,28.69236744267925
2796,29.543540533013218
2797,33.05593448474613
2798,31.973781635320947
2799,28.86037757437196
2800,30.088853293739103
2801,29.52071634316622
2802,31.393170458136623
2803,30.661183887570253
2804,34.50600058698524
2805,34.028344928067355
2806,28.175250051217773
2807,26.806205897529892
2808,27.841812319651346
2809,29.070336236451727
2810,29.924258651174284
2811,32.65305285167672
2812,28.56980883525008
2813,29.297190255002743
2814,30.031297380296717
2815,28.426956401296238
2816,29.19206471830953
2817,28.857108732876767
2818,34.551640569790834
2819,27.838716020141316
2820,31.376835285484805
2821,29.217591559447094
2822,28.891169600239714
2823,30.228292130287088
2824,28.399916946085323
2825,28.169773885208457
2826,31.498562483068028
2827,30.042115031841313
2828,30.616317089505028
2829,31.220219228135257
2830,30.267697812121323
2831,32.192579910795956
2832,29.801946474364367
2833,26.89536957980645
2834,28.910694794949702
2835,29.887867767950127
2836,30.002051648539215
2837,30.077932557267452
2838,29.42656579604532
2839,28.473664215086853
2840,29.209970788231388
2841,29.605807792027985
2842,29.60666800877816
2843,28.290041030596438
2844,31.518745270741256
2845,30.184810329901573
2846,30.24933871250164
2847,29.619080843684557
2848,30.378458728715394
2849,30.769025784086693
2850,28.707045868195387
2851,30.019024553963813
2852,28.80486199263338
2853,29.598103026504653
2854,30.321273501986038
2855,29.88695138473237
2856,29.746663414352188
2857,29.037988693875125
2858,28.641129722634176
2859,30.265386606597456
2860,29.713497511550795
2861,28.488028681064762
2862,35.908260213655
2863,29.431933127816002
2864,29.855148318339943
2865,27.351986186692024
2866,32.35403756399687
2867,32.93337508749228
2868,29.057007301892824
2869,30.538004580589327
2870,28.505849606025464
2871,31.303349817036487
2872,30.907060094301894
2873,30.71512617702862
2874,33.29243174304969
2875,32.1125791690173
2876,28.823519506495998
2877,30.283179328414224
2878,27.558876445874958
2879,36.16711584429538
2880,32.01514228987217
2881,31.555770015412662
2882,32.37707127941682
2883,29.72778218986235
2884,32.83952746850592
2885,32.78273880573818
2886,29.266361057973473
2887,29.255433387880796
2888,29.034000964715016
2889,30.08786718390172
2890,32.2915453034787
2891,31.318691142812117
2892,30.476339018719734
2893,29.127332279563145
2894,32.55622001586227
2895,31.114650191984836
2896,35.44582133203613
2897,29.28017645628934
2898,28.98884748826322
2899,28.809327274007668
2900,27.84210774468043
2901,29.771476058193628
2902,33.570204293501
2903,29.627725314240394
2904,31.667391867810416
2905,29.500407370007032
2906,28.09438767469462
2907,29.290617446866207
2908,32.015402527891
2909,28.257516994755715
2910,34.16663449791117
2911,28.24423361041999
2912,30.566559270781546
2913,34.320710001558965
2914,30.773252772240696
2915,28.969841498127302
2916,28.440060168193533
2917,30.70199649969637
2918,29.739755707961283
2919,33.661181272615245
2920,34.094936673934676
2921,30.504704347674405
2922,32.19205155256041
2923,29.49851457748976
2924,29.051310428665026
2925,29.070789832642422
2926,29.312008966129
2927,28.909960529037534
2928,31.976910836443686
2929,28.63175955314442
2930,31.46739733046982
2931,29.207120821842146
2932,29.588182940986407
2933,30.1579890990197
2934,28.826433735674446
2935,31.707054784281347
2936,30.454686462496458
2937,28.954025170864963
2938,30.534236788150018
2939,28.72260552542947
2940,29.082658795434952
2941,28.051029378389483
2942,28.86707842881111
2943,31.379327046293163
2944,30.43416969544125
2945,33.16679924218571
2946,30.384024787452006
2947,31.848670201966836
2948,29.242810173666854
2949,32.02481141295188
2950,32.49577275397967
2951,29.954401013567495
2952,28.409634530042542
2953,29.267704590033734
2954,27.439616557297374
2955,29.618908088791674
2956,34.1922053665629
2957,28.04153998457442
2958,27.608516712753616
2959,27.915880400888916
2960,26.909076330079433
2961,29.556797757728603
2962,35.82858369362071
2963,35.61904720620575
2964,31.789996144954742
2965,36.73575408827028
2966,29.22550261440924
2967,28.492224304664244
2968,28.05379373422998
2969,31.726126997821005
2970,32.38574027308554
2971,30.459030310730018
2972,27.958926087145002
2973,34.1772768564095
2974,30.30208466242739
2975,34.85191526718253
2976,32.17350846298886
2977,24.457734871587796
2978,24.50284469757912
2979,26.801598049771428
2980,33.50948065978359
2981,31.991697689932742
2982,24.55659359856742
2983,35.320202334389066
2984,32.72570133277134
2985,45.546557576275205
2986,45.79358732129187
2987,44.123499282044214
2988,25.19220772383668
2989,27.432942128286435
2990,25.016902447670198
2991,24.41411100733676
2992,25.652384129479714
2993,37.60035965428891
2994,33.741929680194495
2995,25.243071067741365
2996,28.029252311877002
2997,23.998866789792725
2998,33.86333076985822
2999,26.973303149566643
3000,38.6917841874329
3001,21.9223954537744
3002,27.03392105986137
3003,36.96301031477516
3004,36.18706987963246
3005,28.687646466361688
3006,36.355352458821876
3007,38.24994971170019
3008,34.4111203200248
3009,39.19545024332511
3010,35.46746694891293
3011,25.39728348474769
3012,45.52903704258082
3013,23.829417854998606
3014,46.013551383105295
3015,35.06587668903138
3016,24.913174536292594
3017,27.322192721824884
3018,33.331622558803225
3019,26.050237953758355
3020,29.330316852613695
3021,36.25262832082793
3022,26.042927106542773
3023,27.122998102923578
3024,28.321235623251265
3025,27.475015859839775
3026,42.080556965576456
3027,24.627447058589688
3028,34.98689482177318
3029,32.5041289874058
3030,27.55626870332182
3031,26.148495084194842
3032,24.518468576902528
3033,35.577573820962776
3034,23.140630667120654
3035,25.363080669863532
3036,35.655211433480304
3037,38.255610279122436
3038,34.921798782877104
3039,43.27161408229753
3040,25.19220772383668
3041,27.08371192474351
3042,47.088787404888166
3043,42.767966300435965
3044,27.339238726529693
3045,28.854581332246003
3046,32.169604386907906
3047,34.841697565673954
3048,47.01063034045511
3049,23.86672626810599
3050,24.61254298336341
3051,31.975716782789938
3052,36.00949957490628
3053,30.72340273104742
3054,25.452945301003002
3055,27.26348051835611
3056,29.358329199483055
3057,26.743372549036543
3058,26.598958827691863
3059,24.33141045213741
3060,24.053283021273188
3061,28.54006745194613
3062,25.618037110779678
3063,24.978721672553853
3064,38.25162721755251
3065,25.482882226110164
3066,33.02352377148454
3067,25.81245503356838
3068,38.05253060404537
3069,26.42129878211525
3070,25.621103043979335
3071,37.11069583448456
3072,24.50357839153984
3073,43.99437845626126
3074,23.943357609360113
3075,21.47343455286091
3076,47.820119776373645
3077,27.747933781568346
3078,34.58290886618757
3079,25.12603629951739
3080,33.07521186036858
3081,30.628237973950426
3082,37.39701945970535
3083,39.4332770177899
3084,25.187735880405796
3085,24.471782306970468
3086,39.423806363078036
3087,25.38338062432098
3088,24.43453556127475
3089,27.37507884483843
3090,25.43877495664845
3091,24.83606676151454
3092,46.584410848920285
3093,42.81805247755342
3094,21.399822890760483
3095,23.71523873906854
3096,25.30255712912959
3097,37.5797342496007
3098,32.471302664621795
3099,29.976819974060025
3100,28.70349471494029
3101,44.64011642600345
3102,34.124393919034056
3103,36.40884645285563
3104,38.20189306137877
3105,37.40930569468409
3106,26.248279686132317
3107,27.418763514360496
3108,43.72236977316737
3109,24.037378774557943
3110,31.777392064321162
3111,40.02662277085185
3112,40.9603668074317
3113,26.832902969533297
3114,35.443339363780765
3115,27.468066109284425
3116,25.836250302032624
3117,23.595142922354984
3118,34.733393224807514
3119,23.44149643893396
3120,38.63650322158198
3121,27.916153043592708
3122,27.29443753352111
3123,21.168424891128208
3124,26.543947787767326
3125,33.92008335079599
3126,35.17199187699187
3127,37.788970843939275
3128,30.12622298358341
3129,27.253920684126392
3130,21.27935073703435
3131,28.066118348038483
3132,25.211147139879667
3133,28.463759346575806
3134,27.815426768058025
3135,26.254826710164455
3136,28.736222443554254
3137,24.32372362543229
3138,30.35906362572585
3139,30.285658500660833
3140,25.164664625769383
3141,37.548218829961854
3142,35.97939471140302
3143,47.29402330237099
3144,34.802341884067594
3145,24.003189403931135
3146,28.250134150567646
3147,25.982040311119167
3148,41.147920143100315
3149,29.369167944402605
3150,37.73556247256416
3151,34.56803595326286
3152,28.4721639386065
3153,34.56470465456677
3154,28.587273023196282
3155,34.466348275086844
3156,25.92063824758487
3157,26.44280415804639
3158,25.950743295246657
3159,27.51364452427418
3160,27.081130752302887
3161,34.492324410466274
3162,23.804844792224102
3163,38.336321497220965
3164,25.41578809396998
3165,26.793434054190694
3166,34.40472057933955
3167,26.617989224585735
3168,27.981049764387972
3169,29.080734785543253
3170,34.569035011396565
3171,33.36678319520491
3172,35.371321317425256
3173,27.031664718646482
3174,32.9016532720268
3175,23.587443256261647
3176,31.96144823300321
3177,47.235410410688075
3178,37.28620497355799
3179,26.574803065084282
3180,30.242304825821453
3181,25.923514135125036
3182,42.96230638007116
3183,28.08444226761047
3184,25.592171556864884
3185,36.40164544685158
3186,25.844969105452435
3187,44.13938874980633
3188,21.65922207732403
3189,24.812041975057106
3190,27.728036622517045
3191,28.212814218290124
3192,37.724004546324174
3193,39.55384298198906
3194,39.587281986681674
3195,23.500478801687233
3196,34.58687300542333
3197,37.183746980607964
3198,36.823960526638125
3199,25.076710886593638
3200,26.700226578434904
3201,26.91013027484365
3202,25.968101506685628
3203,28.937089109579375
3204,35.04070653585954
3205,27.60642279832212
3206,34.79050903948238
3207,25.735639105896485
3208,27.272201750547005
3209,34.61237667390701
3210,28.140748892669407
3211,41.14426932029913
3212,25.838359849516976
3213,25.6459056284634
3214,27.726188023575286
3215,21.75361505962064
3216,26.226653710390877
3217,24.464534783576738
3218,32.232606382945534
3219,27.411678905634265
3220,26.254826710164455
3221,33.935196015283104
3222,24.389324166011782
3223,26.22664504205132
3224,33.66781341901956
3225,36.1594389170225
3226,25.425199272236988
3227,33.90449534747822
3228,25.444784475128774
3229,24.380091829108732
3230,23.86388882712683
3231,26.38965791639046
3232,33.70532973487717
3233,25.0209100366989
3234,26.502562888493998
3235,25.43814598512681
3236,26.65032845225908
3237,38.69158671126844
3238,29.115168253928584
3239,24.35226847800887
3240,27.32179211461284
3241,41.1660308830739
3242,27.99520461973676
3243,29.993358189573662
3244,24.674670135445897
3245,25.55539714948329
3246,26.658127782957457
3247,26.383091658931853
3248,25.612478247620516
3249,31.309134163486853
3250,34.99625019682365
3251,32.15210185098341
3252,25.122204559495874
3253,25.487437831952167
3254,24.380091829108732
3255,37.63325265921
3256,28.20880101561115
3257,25.158662340393587
3258,26.11647215271353
3259,24.33141045213741
3260,25.635162661869007
3261,26.25026285584725
3262,35.94552260404938
3263,22.260133153128116
3264,23.919083554605933
3265,46.096720777472456
3266,27.460636361391252
3267,27.083179062302335
3268,41.12847893858405
3269,36.095538979315336
3270,25.635162661869007
3271,25.99808987125698
3272,44.590678669699656
3273,34.015477575339375
3274,35.13120080856011
3275,30.56273043119026
3276,24.09445982349403
3277,27.510579991254637
3278,24.43194495267219
3279,30.58854966342469
3280,27.672684297601947
3281,31.173488424875565
3282,32.58630823679669
3283,33.13102830567738
3284,24.372304713879565
3285,34.86910955790651
3286,34.15473847925725
3287,24.19984961355245
3288,27.339238726529693
3289,24.5435529638222
3290,28.79187533352408
3291,25.560302821966168
3292,33.946143391041524
3293,26.441480655699714
3294,25.065070897063936
3295,25.805193218281058
3296,37.6250253228298
3297,32.41775878092746
3298,32.945562884033286
3299,24.303587101037547
3300,33.81696850361516
3301,24.810311904169005
3302,27.616929561362536
3303,33.100839857716196
3304,24.547923027473903
3305,24.512340231693262
3306,25.249109181923163
3307,26.755228875018492
3308,23.14518128468951
3309,36.36516590520134
3310,21.264506082256815
3311,26.38180045103167
3312,26.939733385810154
3313,32.22532931818658
3314,24.78181436507138
3315,25.455283001459428
3316,24.723810684254154
3317,24.30530394320486
3318,24.738748376983096
3319,24.4273700949392
3320,26.620322594287405
3321,20.289394490904584
3322,34.58871885106046
3323,27.41891075694417
3324,24.08345087572835
3325,25.12603629951739
3326,25.528332316858503
3327,41.591802737932746
3328,33.263414625168885
3329,36.06924393834832
3330,44.71138163245687
3331,36.82371462993028
3332,24.978721672553853
3333,36.656268244558056
3334,24.32746057558357
3335,35.549474940263494
3336,25.211147139879667
3337,31.619924510740535
3338,24.989835255955313
3339,23.623417574419562
3340,37.578661510137835
3341,38.56413613136384
3342,34.43702904754194
3343,25.589943635327945
3344,24.02201576468162
3345,38.74839468162262
3346,27.386679164416496
3347,26.022894845956476
3348,25.813276828621852
3349,25.071407132024333
3350,28.516073195843347
3351,24.892600528945255
3352,31.264340657249242
3353,24.657408345455767
3354,39.14583724011627
3355,24.82504668837622
3356,25.211147139879667
3357,27.5228108061838
3358,45.434306382043644
3359,25.514290439124977
3360,31.335051650781562
3361,24.541751321592976
3362,22.968358265038745
3363,36.58434332007645
3364,29.325613811016833
3365,28.543002744162667
3366,37.72887960000436
3367,28.944228836153204
3368,26.40782015866123
3369,24.892600528945255
3370,26.25026285584725
3371,27.27262771995958
3372,43.8898616714159
3373,30.131395041524243
3374,30.54447998376277
3375,25.744778515308692
3376,27.358051213946762
3377,25.968101506685628
3378,45.15503871000757
3379,25.928563028387092
3380,38.80398793205096
3381,35.65179058598045
3382,25.520787528283968
3383,37.47244927932526
3384,24.867407245663028
3385,26.254826710164455
3386,37.20432015087509
3387,39.23970934068611
3388,28.1202131583081
3389,36.162775896041396
3390,33.7138254419783
3391,37.856563774799625
3392,35.36614624413841
3393,27.711602927822593
3394,25.096093051744422
3395,27.01430732300738
3396,25.299804033327653
3397,41.12971262936064
3398,25.896922162662296
3399,24.44864759508868
3400,30.34853140134131
3401,33.517100658819714
3402,23.92128761634167
3403,24.997496388682674
3404,37.80266077136182
3405,38.892215190794516
3406,27.272201750547005
3407,34.800149779446905
3408,32.59471679154677
3409,27.030552827513752
3410,31.70354835838299
3411,26.85627941968625
3412,25.043603302363746
3413,36.88269366681
