_id,Pred
40195,3
40196,2
40197,2
40198,2
40199,3
40200,7
40201,7
40202,7
40203,8
40204,8
40205,8
40206,9
40207,5
40208,7
40209,8
40210,8
40211,8
40212,7
40213,5
40214,14
40215,7
40216,8
40217,21
40218,46
40219,88
40220,169
40221,166
40222,202
40223,354
40224,383
40225,420
40226,462
40227,492
40228,448
40229,417
40230,344
40231,319
40232,224
40233,97
40234,74
40235,69
40236,265
40237,184
40238,123
40239,140
40240,54
40241,91
40242,12
40243,17
40244,7
40245,7
40246,6
40247,6
40248,20
40249,10
40250,2
40251,2
40252,2
40253,2
40254,3
40255,3
40256,3
40257,3
40258,7
40259,2
40260,4
40261,3
40262,8
40263,2
40264,2
40265,3
40266,8
40267,28
40268,63
40269,62
40270,99
40271,80
40272,112
40273,71
40274,74
40275,56
40276,47
40277,22
40278,1
40279,1
40280,1
40281,1
40282,1
40283,1
40284,2
40285,1
40286,2
40287,8
40288,8
40289,1
40290,7
40291,7
40292,1
40293,4
40294,7
40295,21
40296,21
40297,54
40298,75
40299,46
40300,49
40301,63
40302,128
40303,88
40304,82
40305,59
40306,51
40307,53
40308,17
40309,19
40310,14
40311,12
40312,8
40313,7
40314,10
40315,7
40316,8
40317,14
40318,9
40319,9
40320,7
40321,7
40322,9
40323,7
40324,7
40325,8
40326,8
40327,1
40328,8
40329,8
40330,8
40331,8
40332,8
40333,1
40334,8
40335,5
40336,8
40337,16
40338,24
40339,43
40340,54
40341,75
40342,102
40343,119
40344,114
40345,100
40346,65
40347,53
40348,38
40349,19
40350,16
40351,10
40352,7
40353,7
40354,6
40355,10
40356,9
40357,10
40358,6
40359,5
40360,8
40361,8
40362,8
40363,8
40364,8
40365,8
40366,8
40367,8
40368,8
40369,1
40370,8
40371,7
40372,11
40373,14
40374,24
40375,110
40376,115
40377,124
40378,170
40379,161
40380,167
40381,89
40382,81
40383,36
40384,15
40385,15
40386,9
40387,7
40388,9
40389,8
40390,7
40391,8
40392,8
40393,8
40394,8
40395,8
40396,1
40397,8
40398,8
40399,2
40400,8
40401,8
40402,8
40403,5
40404,4
40405,3
40406,10
40407,10
40408,10
40409,10
40410,7
40411,7
40412,7
40413,9
40414,9
40415,9
40416,9
40417,8
40418,8
40419,8
40420,8
40421,8
40422,8
40423,8
40424,8
40425,2
40426,2
40427,2
40428,2
40429,3
40430,3
40431,8
40432,21
40433,13
40434,25
40435,20
40436,39
40437,23
40438,25
40439,30
40440,21
40441,10
40442,5
40443,2
40444,4
40445,7
40446,7
40447,7
40448,8
40449,8
40450,8
40451,8
40452,8
40453,9
40454,8
40455,1
40456,7
40457,2
40458,8
40459,3
40460,8
40461,3
40462,5
40463,30
40464,42
40465,87
40466,104
40467,90
40468,95
40469,66
40470,51
40471,34
40472,23
40473,22
40474,9
40475,8
40476,6
40477,6
40478,10
40479,13
40480,5
40481,6
40482,6
40483,6
40484,6
40485,6
40486,29
40487,30
40488,22
40489,15
40490,6
40491,11
40492,23
40493,6
40494,41
40495,5
40496,6
40497,1
40498,1
40499,1
40500,8
40501,1
40502,8
40503,1
40504,2
40505,7
40506,8
40507,8
40508,8
40509,7
40510,1
40511,8
40512,1
40513,4
40514,4
40515,27
40516,147
40517,231
40518,271
40519,484
40520,458
40521,444
40522,245
40523,188
40524,171
40525,92
40526,62
40527,3
40528,3
40529,3
40530,3
40531,3
40532,3
40533,3
40534,11
40535,2
40536,8
40537,8
40538,8
40539,8
40540,8
40541,8
40542,8
40543,8
40544,8
40545,8
40546,8
40547,8
40548,8
40549,8
40550,8
40551,8
40552,8
40553,8
40554,3
40555,3
40556,8
40557,9
40558,19
40559,24
40560,33
40561,23
40562,41
40563,37
40564,39
40565,10
40566,0
40567,11
40568,8
40569,33
40570,33
40571,53
40572,122
40573,144
40574,149
40575,154
40576,162
40577,163
40578,108
40579,6
40580,9
40581,9
40582,7
40583,14
40584,9
40585,8
40586,8
40587,8
40588,8
40589,8
40590,8
40591,8
40592,8
40593,8
40594,8
40595,8
40596,2
40597,1
40598,4
40599,64
40600,66
40601,73
40602,17
40603,10
40604,19
40605,12
40606,6
40607,11
40608,7
40609,53
40610,49
40611,67
40612,7
40613,22
40614,13
40615,111
40616,98
40617,10
40618,10
40619,10
40620,10
40621,10
40622,11
40623,8
40624,8
40625,8
40626,9
40627,8
40628,8
40629,8
40630,2
40631,1
40632,8
40633,2
40634,7
40635,2
40636,4
40637,12
40638,24
40639,38
40640,62
40641,71
40642,58
40643,132
40644,104
40645,218
40646,186
40647,187
40648,144
40649,118
40650,93
40651,5
40652,5
40653,17
40654,47
40655,72
40656,80
40657,118
40658,113
40659,121
40660,159
40661,162
40662,130
40663,98
40664,22
40665,15
40666,16
40667,10
40668,6
40669,6
40670,12
40671,8
40672,10
40673,7
40674,7
40675,7
40676,7
40677,7
40678,6
40679,7
40680,12
40681,6
40682,7
40683,7
40684,7
40685,10
40686,7
40687,1
40688,7
40689,8
40690,8
40691,1
40692,1
40693,6
40694,5
40695,11
40696,15
40697,12
40698,9
40699,11
40700,3
40701,6
40702,6
40703,6
40704,6
40705,6
40706,6
40707,6
40708,3
40709,3
40710,3
40711,2
40712,8
40713,2
40714,2
40715,8
40716,7
40717,8
40718,8
40719,14
40720,19
40721,27
40722,53
40723,96
40724,93
40725,144
40726,147
40727,142
40728,149
40729,176
40730,42
40731,23
40732,29
40733,5
40734,40
40735,41
40736,43
40737,35
40738,45
40739,30
40740,13
40741,29
40742,26
40743,26
40744,5
40745,8
40746,10
40747,9
40748,8
40749,10
40750,9
40751,6
40752,5
40753,5
40754,4
40755,1
40756,5
40757,3
40758,5
40759,3
40760,3
40761,3
40762,3
40763,2
40764,3
40765,3
40766,3
40767,8
40768,7
40769,3
40770,7
40771,8
40772,6
40773,5
40774,3
40775,11
40776,11
40777,11
40778,11
40779,7
40780,12
40781,7
40782,7
40783,8
40784,8
40785,8
40786,8
40787,1
40788,8
40789,8
40790,8
40791,8
40792,8
40793,3
40794,4
40795,10
40796,11
40797,30
40798,50
40799,59
40800,131
40801,93
40802,94
40803,88
40804,88
40805,67
40806,36
40807,16
40808,16
40809,13
40810,27
40811,79
40812,8
40813,20
40814,30
40815,8
40816,8
40817,8
40818,8
40819,8
40820,1
40821,8
40822,8
40823,8
40824,8
40825,41
40826,47
40827,85
40828,101
40829,74
40830,76
40831,76
40832,23
40833,25
40834,16
40835,11
40836,7
40837,9
40838,7
40839,5
40840,1
40841,1
40842,1
40843,1
40844,8
40845,8
40846,8
40847,8
40848,1
40849,7
40850,7
40851,8
40852,1
40853,7
40854,3
40855,3
40856,9
40857,12
40858,10
40859,7
40860,5
40861,4
40862,8
40863,8
40864,8
40865,8
40866,8
40867,8
40868,8
40869,8
40870,8
40871,8
40872,8
40873,8
40874,8
40875,8
40876,8
40877,8
40878,8
40879,8
40880,8
40881,1
40882,1
40883,9
40884,16
40885,6
40886,13
40887,14
40888,23
40889,41
40890,35
40891,43
40892,24
40893,33
40894,15
40895,11
40896,6
40897,10
40898,1
40899,5
40900,31
40901,53
40902,16
40903,25
40904,47
40905,63
40906,42
40907,66
40908,56
40909,21
40910,23
40911,13
40912,11
40913,14
40914,8
40915,7
40916,5
40917,1
40918,1
40919,1
40920,1
40921,1
40922,8
40923,8
40924,8
40925,8
40926,8
40927,8
40928,8
40929,8
40930,8
40931,8
40932,8
40933,8
40934,8
40935,7
40936,8
40937,17
40938,59
40939,79
40940,8
40941,11
40942,6
40943,4
40944,24
40945,7
40946,1
40947,1
40948,1
40949,1
40950,1
40951,5
40952,1
40953,7
40954,4
40955,4
40956,7
40957,4
40958,6
40959,8
40960,10
40961,8
40962,1
40963,2
40964,4
40965,22
40966,42
40967,95
40968,197
40969,486
40970,562
40971,629
40972,529
40973,559
40974,439
40975,390
40976,188
40977,109
40978,62
40979,33
40980,26
40981,19
40982,2
40983,5
40984,7
40985,3
40986,3
40987,3
40988,3
40989,3
40990,13
40991,3
40992,7
40993,7
40994,8
40995,8
40996,8
40997,8
40998,7
40999,8
41000,8
41001,8
41002,8
41003,8
41004,19
41005,44
41006,100
41007,150
41008,375
41009,459
41010,391
41011,146
41012,111
41013,59
41014,21
41015,13
41016,10
41017,9
41018,4
41019,5
41020,2
41021,2
41022,2
41023,507
41024,398
41025,250
41026,248
41027,161
41028,38
41029,33
41030,27
41031,9
41032,8
41033,7
41034,11
41035,11
41036,8
41037,9
41038,19
41039,12
41040,7
41041,7
41042,7
41043,7
41044,9
41045,9
41046,10
41047,8
41048,6
41049,6
41050,7
41051,1
41052,1
41053,2
41054,5
41055,5
41056,5
41057,7
41058,14
41059,18
41060,9
41061,18
41062,9
41063,9
41064,16
41065,35
41066,36
41067,11
41068,9
41069,8
41070,8
41071,7
41072,7
41073,9
41074,10
41075,12
41076,12
41077,5
41078,4
41079,1
41080,1
41081,1
41082,1
41083,1
41084,1
41085,1
41086,1
41087,5
41088,1
41089,1
41090,3
41091,2
41092,5
41093,6
41094,18
41095,29
41096,51
41097,80
41098,124
41099,121
41100,128
41101,77
41102,53
41103,21
41104,40
41105,35
41106,5
41107,11
41108,5
41109,7
41110,44
41111,85
41112,169
41113,222
41114,387
41115,519
41116,547
41117,447
41118,315
41119,250
41120,184
41121,93
41122,100
41123,43
41124,29
41125,17
41126,18
41127,10
41128,8
41129,6
41130,12
41131,12
41132,9
41133,20
41134,48
41135,8
41136,8
41137,8
41138,8
41139,8
41140,8
41141,8
41142,8
41143,8
41144,8
41145,8
41146,8
41147,5
41148,5
41149,5
41150,6
41151,6
41152,6
41153,10
41154,4
41155,4
41156,4
41157,10
41158,8
41159,8
41160,8
41161,8
41162,8
41163,8
41164,8
41165,8
41166,8
41167,4
41168,8
41169,8
41170,13
41171,71
41172,96
41173,119
41174,126
41175,79
41176,61
41177,7
41178,13
41179,13
41180,9
41181,7
41182,9
41183,10
41184,13
41185,6
41186,6
41187,12
41188,6
41189,2
41190,25
41191,11
41192,36
41193,37
41194,23
41195,6
41196,3
41197,3
41198,3
41199,8
41200,8
41201,8
41202,8
41203,2
41204,2
41205,8
41206,8
41207,8
41208,8
41209,8
41210,8
41211,8
41212,2
41213,8
41214,1
41215,12
41216,12
41217,13
41218,27
41219,68
41220,148
41221,150
41222,139
41223,159
41224,125
41225,85
41226,34
41227,29
41228,11
41229,10
41230,8
41231,8
41232,8
41233,8
41234,8
41235,8
41236,8
41237,8
41238,8
41239,8
41240,8
41241,8
41242,8
41243,8
41244,7
41245,8
41246,2
41247,8
41248,8
41249,8
41250,8
41251,8
41252,7
41253,3
41254,4
41255,4
41256,28
41257,54
41258,125
41259,73
41260,59
41261,41
41262,24
41263,32
41264,8
41265,6
41266,3
41267,2
41268,3
41269,6
41270,3
41271,3
41272,53
41273,31
41274,25
41275,10
41276,5
41277,2
41278,10
41279,8
41280,8
41281,9
41282,8
41283,8
41284,8
41285,7
41286,8
41287,8
41288,8
41289,9
41290,8
41291,8
41292,8
41293,8
41294,2
41295,15
41296,15
41297,18
41298,21
41299,34
41300,14
41301,21
41302,3
41303,4
41304,4
41305,4
41306,2
41307,3
41308,2
41309,6
41310,3
41311,4
41312,10
41313,6
41314,11
41315,10
41316,4
41317,7
41318,8
41319,8
41320,8
41321,8
41322,8
41323,8
41324,8
41325,8
41326,8
41327,8
41328,8
41329,8
41330,1
41331,8
41332,8
41333,1
41334,6
41335,8
41336,14
41337,43
41338,32
41339,56
41340,72
41341,63
41342,19
41343,45
41344,31
41345,14
41346,10
41347,11
41348,7
41349,7
41350,9
41351,6
41352,5
41353,4
41354,7
41355,6
41356,5
41357,3
41358,6
41359,4
41360,8
41361,8
41362,8
41363,8
41364,8
41365,8
41366,1
41367,8
41368,8
41369,2
41370,2
41371,7
41372,8
41373,3
41374,2
41375,1
41376,7
41377,3
41378,3
41379,17
41380,48
41381,80
41382,195
41383,245
41384,469
41385,548
41386,374
41387,280
41388,181
41389,117
41390,73
41391,73
41392,16
41393,12
41394,11
41395,7
41396,6
41397,8
41398,8
41399,8
41400,8
41401,3
41402,2
41403,2
41404,1
41405,2
41406,5
41407,6
41408,28
41409,96
41410,131
41411,90
41412,20
41413,7
41414,8
41415,8
41416,10
41417,12
41418,9
41419,8
41420,10
41421,11
41422,4
41423,8
41424,1
41425,8
41426,8
41427,8
41428,8
41429,8
41430,8
41431,8
41432,8
41433,8
41434,8
41435,8
41436,8
41437,8
41438,8
41439,2
41440,2
41441,2
41442,1
41443,1
41444,1
41445,8
41446,2
41447,8
41448,8
41449,8
41450,2
41451,1
41452,7
41453,1
41454,8
41455,8
41456,3
41457,9
41458,18
41459,31
41460,93
41461,194
41462,149
41463,98
41464,78
41465,79
41466,48
41467,37
41468,17
41469,10
41470,7
41471,15
41472,15
41473,43
41474,3
41475,9
41476,9
41477,9
41478,9
41479,7
41480,2
41481,8
41482,8
41483,8
41484,8
41485,8
41486,8
41487,8
41488,8
41489,8
41490,8
41491,8
41492,8
41493,8
41494,7
41495,8
41496,8
41497,8
41498,1
41499,16
41500,51
41501,40
41502,78
41503,90
41504,72
41505,88
41506,165
41507,33
41508,34
41509,32
41510,14
41511,11
41512,9
41513,7
41514,8
41515,8
41516,6
41517,2
41518,6
41519,8
41520,11
41521,1
41522,6
41523,2
41524,2
41525,2
41526,2
41527,6
41528,6
41529,2
41530,2
41531,5
41532,7
41533,2
41534,1
41535,1
41536,8
41537,8
41538,8
41539,8
41540,8
41541,2
41542,1
41543,3
41544,18
41545,56
41546,85
41547,92
41548,116
41549,124
41550,126
41551,102
41552,78
41553,56
41554,48
41555,19
41556,18
41557,11
41558,11
41559,7
41560,6
41561,12
41562,31
41563,8
41564,1
41565,2
41566,6
41567,15
41568,24
41569,73
41570,160
41571,264
41572,306
41573,375
41574,151
41575,67
41576,50
41577,15
41578,19
41579,10
41580,8
41581,7
41582,7
41583,6
41584,9
41585,10
41586,7
41587,5
41588,8
41589,8
41590,8
41591,1
41592,1
41593,8
41594,8
41595,8
41596,8
41597,8
41598,8
41599,8
41600,8
41601,8
41602,1
41603,8
41604,9
41605,5
41606,3
41607,2
41608,4
41609,3
41610,5
41611,7
41612,5
41613,8
41614,8
41615,8
41616,8
41617,8
41618,8
41619,8
41620,8
41621,8
41622,8
41623,8
41624,8
41625,8
41626,8
41627,8
41628,8
41629,8
41630,1
41631,8
41632,2
41633,8
41634,3
41635,9
41636,123
41637,155
41638,133
41639,152
41640,99
41641,101
41642,79
41643,20
41644,33
41645,22
41646,173
41647,121
41648,115
41649,66
41650,76
41651,41
41652,25
41653,17
41654,10
41655,7
41656,7
41657,10
41658,9
41659,7
41660,15
41661,3
41662,9
41663,9
41664,9
41665,9
41666,9
41667,8
41668,9
41669,8
41670,6
41671,8
41672,2
41673,1
41674,6
41675,6
41676,8
41677,7
41678,7
41679,7
41680,32
41681,54
41682,122
41683,119
41684,126
41685,115
41686,153
41687,227
41688,12
41689,8
41690,7
41691,7
41692,9
41693,8
41694,26
41695,3
41696,7
41697,30
41698,11
41699,1
41700,1
41701,1
41702,8
41703,8
41704,8
41705,8
41706,8
41707,8
41708,8
41709,7
41710,8
41711,1
41712,1
41713,1
41714,4
41715,3
41716,1
41717,5
41718,8
41719,7
41720,19
41721,72
41722,65
41723,41
41724,97
41725,17
41726,24
41727,13
41728,20
41729,7
41730,36
41731,60
41732,15
41733,1
41734,1
41735,1
41736,1
41737,1
41738,2
41739,1
41740,1
41741,1
41742,6
41743,6
41744,6
41745,1
41746,1
41747,8
41748,8
41749,9
41750,1
41751,8
41752,8
41753,1
41754,3
41755,5
41756,2
41757,7
41758,15
41759,25
41760,40
41761,55
41762,59
41763,42
41764,52
41765,68
41766,28
41767,22
41768,23
41769,16
41770,12
41771,7
41772,12
41773,8
41774,7
41775,14
41776,13
41777,9
41778,82
41779,3
41780,3
41781,3
41782,3
41783,3
41784,3
41785,3
41786,2
41787,2
41788,6
41789,3
41790,4
41791,8
41792,8
41793,7
41794,13
41795,12
41796,12
41797,23
41798,26
41799,46
41800,48
41801,48
41802,72
41803,75
41804,105
41805,105
41806,156
41807,142
41808,154
41809,187
41810,185
41811,158
41812,172
41813,136
41814,8
41815,8
41816,8
41817,7
41818,7
41819,7
41820,7
41821,6
41822,8
41823,7
41824,9
41825,8
41826,1
41827,1
41828,1
41829,8
41830,1
41831,2
41832,2
41833,9
41834,8
41835,15
41836,42
41837,47
41838,70
41839,43
41840,73
41841,74
41842,79
41843,36
41844,14
41845,20
41846,21
41847,7
41848,7
41849,67
41850,4
41851,7
41852,8
41853,2
41854,2
41855,2
41856,8
41857,9
41858,1
41859,1
41860,1
41861,1
41862,1
41863,2
41864,2
41865,2
41866,6
41867,2
41868,8
41869,2
41870,1
41871,8
41872,1
41873,8
41874,8
41875,1
41876,1
41877,8
41878,1
41879,3
41880,6
41881,35
41882,68
41883,94
41884,91
41885,117
41886,69
41887,177
41888,68
41889,62
41890,26
41891,18
41892,12
41893,8
41894,63
41895,10
41896,8
41897,14
41898,8
41899,8
41900,8
41901,8
41902,8
41903,8
41904,8
41905,8
41906,1
41907,1
41908,8
41909,8
41910,8
41911,1
41912,4
41913,25
41914,70
41915,97
41916,121
41917,123
41918,98
41919,111
41920,49
41921,29
41922,28
41923,8
41924,12
41925,7
41926,10
41927,9
41928,8
41929,9
41930,5
41931,8
41932,2
41933,2
41934,2
41935,2
41936,2
41937,2
41938,2
41939,2
41940,8
41941,8
41942,1
41943,8
41944,1
41945,8
41946,1
41947,1
41948,8
41949,4
41950,13
41951,34
41952,30
41953,36
41954,43
41955,74
41956,86
41957,93
41958,73
41959,67
41960,57
41961,34
41962,25
41963,19
41964,16
41965,12
41966,11
41967,9
41968,9
41969,9
41970,8
41971,6
41972,1
41973,1
41974,1
41975,1
41976,6
41977,1
41978,1
41979,1
41980,5
41981,8
41982,11
41983,9
41984,15
41985,8
41986,68
41987,5
41988,42
41989,10
41990,2
41991,2
41992,2
41993,2
41994,2
41995,4
41996,2
41997,1
41998,8
41999,8
42000,8
42001,8
42002,8
42003,2
42004,1
42005,1
42006,2
42007,1
42008,6
42009,15
42010,22
42011,27
42012,33
42013,44
42014,64
42015,73
42016,43
42017,34
42018,11
42019,11
42020,12
42021,12
42022,8
42023,6
42024,7
42025,7
42026,8
42027,8
42028,6
42029,9
42030,6
42031,8
42032,2
42033,3
42034,3
42035,1
42036,3
42037,3
42038,1
42039,1
42040,2
42041,8
42042,13
42043,18
42044,27
42045,26
42046,76
42047,39
42048,36
42049,21
42050,23
42051,12
42052,12
42053,10
42054,9
42055,14
42056,6
42057,9
42058,10
42059,8
42060,8
42061,8
42062,8
42063,8
42064,109
42065,121
42066,117
42067,37
42068,21
42069,109
42070,14
42071,11
42072,13
42073,1
42074,1
42075,1
42076,1
42077,1
42078,1
42079,1
42080,1
42081,1
42082,1
42083,1
42084,7
42085,11
42086,10
42087,14
42088,38
42089,45
42090,41
42091,46
42092,69
42093,39
42094,72
42095,85
42096,82
42097,100
42098,93
42099,84
42100,77
42101,97
42102,105
42103,106
42104,91
42105,67
42106,11
42107,6
42108,8
42109,9
42110,7
42111,6
42112,6
42113,7
42114,7
42115,6
42116,6
42117,1
42118,1
42119,8
42120,1
42121,2
42122,1
42123,1
42124,3
42125,8
42126,2
42127,6
42128,19
42129,17
42130,16
42131,8
42132,13
42133,10
42134,2
42135,6
42136,20
42137,19
42138,7
42139,10
42140,11
42141,6
42142,4
42143,1
42144,18
42145,4
42146,2
42147,10
42148,7
42149,7
42150,7
42151,9
42152,11
42153,9
42154,9
42155,9
42156,9
42157,8
42158,6
42159,6
42160,10
42161,7
42162,9
42163,9
42164,8
42165,7
42166,8
42167,2
42168,1
42169,2
42170,8
42171,1
42172,8
42173,1
42174,3
42175,8
42176,76
42177,171
42178,236
42179,187
42180,233
42181,205
42182,215
42183,166
42184,132
42185,78
42186,48
42187,32
42188,15
42189,8
42190,8
42191,8
42192,8
42193,1
42194,8
42195,1
42196,8
42197,4
42198,9
42199,11
42200,17
42201,26
42202,64
42203,75
42204,65
42205,46
42206,73
42207,63
42208,36
42209,25
42210,20
42211,17
42212,13
42213,11
42214,8
42215,7
42216,10
42217,11
42218,7
42219,5
42220,9
42221,4
42222,8
42223,8
42224,8
42225,8
42226,8
42227,8
42228,8
42229,8
42230,8
42231,20
42232,7
42233,7
42234,6
42235,5
42236,5
42237,4
42238,16
42239,3
42240,8
42241,8
42242,8
42243,8
42244,2
42245,8
42246,8
42247,8
42248,2
42249,1
42250,8
42251,8
42252,7
42253,1
42254,8
42255,8
42256,2
42257,6
42258,7
42259,11
42260,46
42261,134
42262,188
42263,361
42264,186
42265,185
42266,53
42267,36
42268,22
42269,18
42270,12
42271,9
42272,33
42273,21
42274,24
42275,65
42276,52
42277,42
42278,40
42279,17
42280,13
42281,7
42282,12
42283,14
42284,10
42285,13
42286,7
42287,7
42288,14
42289,3
42290,8
42291,8
42292,8
42293,10
42294,8
42295,8
42296,8
42297,9
42298,8
42299,8
42300,9
42301,8
42302,1
42303,8
42304,8
42305,1
42306,1
42307,1
42308,8
42309,2
42310,3
42311,11
42312,23
42313,101
42314,119
42315,128
42316,38
42317,39
42318,14
42319,14
42320,7
42321,6
42322,9
42323,9
42324,8
42325,15
42326,5
42327,11
42328,1
42329,1
42330,1
42331,1
42332,1
42333,8
42334,1
42335,8
42336,8
42337,2
42338,8
42339,8
42340,2
42341,1
42342,8
42343,8
42344,9
42345,2
42346,8
42347,8
42348,1
42349,1
42350,4
42351,3
42352,25
42353,59
42354,70
42355,8
42356,8
42357,7
42358,7
42359,7
42360,1
42361,5
42362,3
42363,16
42364,52
42365,94
42366,150
42367,164
42368,199
42369,279
42370,288
42371,178
42372,164
42373,92
42374,61
42375,48
42376,14
42377,11
42378,7
42379,7
42380,9
42381,11
42382,10
42383,9
42384,7
42385,28
42386,6
42387,5
42388,8
42389,8
42390,8
42391,8
42392,8
42393,8
42394,8
42395,8
42396,8
42397,8
42398,8
42399,8
42400,1
42401,8
42402,8
42403,8
42404,8
42405,8
42406,8
42407,8
42408,2
42409,4
42410,8
42411,52
42412,96
42413,163
42414,122
42415,105
42416,72
42417,67
42418,48
42419,28
42420,16
42421,9
42422,7
42423,6
42424,13
42425,9
42426,49
42427,37
42428,40
42429,18
42430,1
42431,1
42432,1
42433,1
42434,2
42435,2
42436,2
42437,2
42438,8
42439,6
42440,8
42441,8
42442,8
42443,8
42444,8
42445,8
42446,8
42447,1
42448,8
42449,8
42450,1
42451,1
42452,4
42453,8
42454,18
42455,84
42456,113
42457,173
42458,188
42459,213
42460,136
42461,77
42462,44
42463,15
42464,10
42465,7
42466,6
42467,6
42468,12
42469,8
42470,35
42471,20
42472,9
42473,7
42474,7
42475,7
42476,7
42477,7
42478,7
42479,7
42480,9
42481,41
42482,69
42483,58
42484,69
42485,71
42486,45
42487,48
42488,46
42489,59
42490,44
42491,21
42492,52
42493,34
42494,8
42495,10
42496,12
42497,12
42498,10
42499,5
42500,71
42501,15
42502,21
42503,3
42504,10
42505,1
42506,1
42507,1
42508,1
42509,2
42510,2
42511,2
42512,2
42513,8
42514,8
42515,9
42516,1
42517,8
42518,7
42519,7
42520,8
42521,1
42522,8
42523,4
42524,3
42525,9
42526,9
42527,11
42528,10
42529,10
42530,6
42531,4
42532,9
42533,8
42534,1
42535,7
42536,6
42537,7
42538,4
42539,8
42540,7
42541,6
42542,4
42543,29
42544,37
42545,52
42546,67
42547,77
42548,75
42549,86
42550,139
42551,81
42552,93
42553,79
42554,64
42555,45
42556,25
42557,17
42558,13
42559,14
42560,9
42561,6
42562,6
42563,74
42564,95
42565,84
42566,69
42567,65
42568,126
42569,70
42570,58
42571,20
42572,19
42573,16
42574,12
42575,8
42576,7
42577,7
42578,7
42579,10
42580,8
42581,11
42582,8
42583,2
42584,2
42585,2
42586,1
42587,2
42588,2
42589,7
42590,2
42591,1
42592,8
42593,3
42594,3
42595,4
42596,12
42597,11
42598,41
42599,55
42600,52
42601,57
42602,72
42603,68
42604,4
42605,6
42606,4
42607,5
42608,3
42609,6
42610,5
42611,18
42612,8
42613,8
42614,9
42615,9
42616,9
42617,9
42618,9
42619,7
42620,7
42621,8
42622,8
42623,8
42624,8
42625,1
42626,8
42627,1
42628,8
42629,4
42630,4
42631,12
42632,35
42633,94
42634,74
42635,70
42636,72
42637,98
42638,107
42639,138
42640,67
42641,64
42642,43
42643,35
42644,11
42645,14
42646,20
42647,11
42648,7
42649,9
42650,8
42651,9
42652,10
42653,10
42654,15
42655,9
42656,4
42657,12
42658,11
42659,8
42660,1
42661,1
42662,8
42663,4
42664,9
42665,8
42666,8
42667,8
42668,8
42669,8
42670,8
42671,8
42672,8
42673,8
42674,8
42675,8
42676,8
42677,8
42678,8
42679,1
42680,8
42681,1
42682,8
42683,3
42684,6
42685,1
42686,28
42687,13
42688,6
42689,12
42690,19
42691,20
42692,7
42693,3
42694,8
42695,3
42696,2
42697,3
42698,2
42699,3
42700,6
42701,1
42702,7
42703,7
42704,2
42705,7
42706,7
42707,7
42708,7
42709,7
42710,7
42711,7
42712,7
42713,9
42714,16
42715,8
42716,7
42717,7
42718,8
42719,8
42720,1
42721,1
42722,1
42723,1
42724,3
42725,3
42726,4
42727,8
42728,8
42729,7
42730,8
42731,8
42732,1
42733,8
42734,8
42735,8
42736,5
42737,5
42738,6
42739,8
42740,7
42741,4
42742,11
42743,17
42744,30
42745,34
42746,41
42747,34
42748,46
42749,85
42750,64
42751,40
42752,47
42753,15
42754,18
42755,17
42756,11
42757,10
42758,10
42759,6
42760,7
42761,6
42762,8
42763,8
42764,8
42765,8
42766,8
42767,8
42768,2
42769,6
42770,6
42771,13
42772,18
42773,34
42774,42
42775,48
42776,35
42777,39
42778,26
42779,15
42780,10
42781,7
42782,8
42783,8
42784,5
42785,5
42786,18
42787,4
42788,8
42789,8
42790,8
42791,8
42792,8
42793,6
42794,9
42795,6
42796,7
42797,7
42798,7
42799,7
42800,9
42801,8
42802,1
42803,1
42804,8
42805,8
42806,9
42807,6
42808,5
42809,9
42810,7
42811,6
42812,10
42813,8
42814,5
42815,9
42816,9
42817,9
42818,9
42819,9
42820,7
42821,7
42822,9
42823,8
42824,9
42825,9
42826,8
42827,2
42828,8
42829,2
42830,1
42831,3
42832,1
42833,3
42834,3
42835,17
42836,34
42837,63
42838,67
42839,93
42840,82
42841,108
42842,58
42843,44
42844,49
42845,41
42846,64
42847,55
42848,51
42849,38
42850,10
42851,8
42852,7
42853,3
42854,8
42855,8
42856,8
42857,8
42858,8
42859,8
42860,8
42861,8
42862,8
42863,8
42864,8
42865,8
42866,8
42867,8
42868,8
42869,8
42870,8
42871,2
42872,1
42873,7
42874,31
42875,17
42876,18
42877,8
42878,5
42879,3
42880,8
42881,12
42882,3
42883,2
42884,3
42885,1
42886,1
42887,2
42888,2
42889,8
42890,2
42891,4
42892,5
42893,1
42894,1
42895,1
42896,8
42897,1
42898,8
42899,8
42900,2
42901,8
42902,7
42903,1
42904,8
42905,1
42906,8
42907,9
42908,8
42909,1
42910,6
42911,3
42912,6
42913,17
42914,23
42915,23
42916,14
42917,14
42918,33
42919,34
42920,24
42921,25
42922,9
42923,4
42924,7
42925,4
42926,3
42927,4
42928,3
42929,6
42930,7
42931,5
42932,1
42933,1
42934,7
42935,3
42936,8
42937,2
42938,4
42939,8
42940,2
42941,4
42942,10
42943,10
42944,14
42945,12
42946,18
42947,11
42948,8
42949,20
42950,11
42951,20
42952,12
42953,13
42954,11
42955,6
42956,4
42957,24
42958,26
42959,33
42960,30
42961,25
42962,22
42963,8
42964,8
42965,8
42966,8
42967,8
42968,8
42969,8
42970,8
42971,8
42972,8
42973,8
42974,8
42975,8
42976,73
42977,73
42978,71
42979,76
42980,68
42981,64
42982,28
42983,14
42984,14
42985,9
42986,73
42987,16
42988,32
42989,39
42990,14
42991,8
42992,8
42993,8
42994,8
42995,7
42996,7
42997,7
42998,9
42999,7
43000,16
43001,8
43002,2
43003,1
43004,1
43005,8
43006,8
43007,1
43008,3
43009,14
43010,25
43011,76
43012,113
43013,185
43014,308
43015,621
43016,538
43017,7
43018,4
43019,3
43020,9
43021,2
43022,7
43023,4
43024,1
43025,8
43026,6
43027,2
43028,1
43029,2
43030,3
43031,1
43032,5
43033,3
43034,5
43035,6
43036,8
43037,3
43038,3
43039,4
43040,2
43041,2
43042,2
43043,2
43044,2
43045,2
43046,2
43047,8
43048,8
43049,8
43050,8
43051,8
43052,1
43053,8
43054,2
43055,3
43056,7
43057,34
43058,94
43059,25
43060,17
43061,15
43062,13
43063,9
43064,9
43065,6
43066,22
43067,20
43068,1
43069,1
43070,1
43071,1
43072,1
43073,1
43074,2
43075,2
43076,7
43077,8
43078,8
43079,10
43080,8
43081,1
43082,8
43083,1
43084,2
43085,1
43086,2
43087,4
43088,9
43089,8
43090,8
43091,22
43092,17
43093,26
43094,28
43095,34
43096,17
43097,18
43098,14
43099,29
43100,23
43101,12
43102,19
43103,10
43104,11
43105,10
43106,14
43107,10
43108,6
43109,9
43110,8
43111,3
43112,2
43113,15
43114,7
43115,4
43116,1
43117,9
43118,4
43119,8
43120,8
43121,8
43122,8
43123,8
43124,1
43125,8
43126,8
43127,8
43128,8
43129,8
43130,8
43131,8
43132,8
43133,8
43134,8
43135,1
43136,8
43137,8
43138,1
43139,3
43140,47
43141,6
43142,10
43143,6
43144,4
43145,1
43146,7
43147,1
43148,2
43149,3
43150,6
43151,1
43152,6
43153,4
43154,7
43155,8
43156,8
43157,8
43158,8
43159,8
43160,1
43161,8
43162,8
43163,8
43164,8
43165,8
43166,8
43167,8
43168,8
43169,8
43170,8
43171,1
43172,8
43173,8
43174,8
43175,2
43176,1
43177,8
43178,2
43179,6
43180,6
43181,16
43182,34
43183,56
43184,34
43185,27
43186,36
43187,27
43188,47
43189,22
43190,22
43191,9
43192,6
43193,10
43194,7
43195,9
43196,5
43197,9
43198,6
43199,2
43200,4
43201,2
43202,2
43203,9
43204,2
43205,2
43206,2
43207,2
43208,2
43209,1
43210,6
43211,1
43212,2
43213,1
43214,5
43215,7
43216,1
43217,8
43218,7
43219,8
43220,8
43221,8
43222,8
43223,8
43224,1
43225,1
43226,1
43227,1
43228,1
43229,1
43230,1
43231,1
43232,1
43233,8
43234,8
43235,8
43236,1
43237,8
43238,7
43239,3
43240,13
43241,57
43242,90
43243,70
43244,55
43245,25
43246,20
43247,17
43248,9
43249,8
43250,5
43251,4
43252,3
43253,2
43254,4
43255,6
43256,1
43257,3
43258,7
43259,6
43260,6
43261,6
43262,6
43263,6
43264,6
43265,8
43266,8
43267,1
43268,8
43269,8
43270,8
43271,8
43272,8
43273,1
43274,2
43275,2
43276,1
43277,9
43278,22
43279,37
43280,20
43281,24
43282,17
43283,8
43284,15
43285,5
43286,8
43287,3
43288,6
43289,4
43290,6
43291,3
43292,10
43293,6
43294,4
43295,1
43296,4
43297,9
43298,5
43299,3
43300,16
43301,14
43302,10
43303,8
43304,8
43305,9
43306,7
43307,1
43308,5
43309,2
43310,2
43311,1
43312,1
43313,1
43314,1
43315,1
43316,3
43317,9
43318,21
43319,40
43320,42
43321,41
43322,26
43323,16
43324,13
43325,9
43326,11
43327,6
43328,6
43329,8
43330,5
43331,5
43332,6
43333,8
43334,4
43335,5
43336,4
43337,3
43338,2
43339,6
43340,11
43341,9
43342,20
43343,12
43344,15
43345,22
43346,1
43347,5
43348,5
43349,7
43350,8
43351,6
43352,5
43353,3
43354,7
43355,7
43356,7
43357,7
43358,6
43359,6
43360,1
43361,8
43362,1
43363,1
43364,2
43365,2
43366,4
43367,2
43368,17
43369,21
43370,72
43371,19
43372,17
43373,20
43374,10
43375,7
43376,7
43377,7
43378,7
43379,5
43380,6
43381,6
43382,3
43383,1
43384,5
43385,6
43386,3
43387,6
43388,2
43389,6
